Day,Date,DJIA,FTSE-100,USD/GBP,CAC-40,EUR/USD,Nikkei,YEN/USD
0,7-Aug-06,11219.38,5828.8,1.9098,4956.34,0.7776,15154.06,115
1,8-Aug-06,11173.59,5818.1,1.9072,4967.95,0.7789,15464.66,115.08
2,9-Aug-06,11076.18,5860.5,1.9086,5025.15,0.7762,15656.59,115.17
3,10-Aug-06,11124.37,5823.4,1.8918,4976.64,0.7828,15630.91,115.41
4,11-Aug-06,11088.02,5820.1,1.897,4985.52,0.7833,15565.02,116.07
5,14-Aug-06,11097.87,5870.9,1.8923,5046.93,0.7847,15857.11,116.45
6,15-Aug-06,11230.26,5897.9,1.8955,5115.02,0.782,15816.19,116.02
7,16-Aug-06,11327.12,5896.6,1.9,5137.31,0.778,16071.36,115.78
8,17-Aug-06,11334.96,5900.4,1.8931,5144.84,0.7775,16020.84,115.53
9,18-Aug-06,11381.47,5903.4,1.8796,5135.69,0.78,16105.98,115.74
10,21-Aug-06,11345.04,5915.2,1.897,5104.65,0.7741,15969.04,115.86
11,22-Aug-06,11339.84,5902.6,1.8885,5128.33,0.7804,16181.17,116.46
12,23-Aug-06,11297.9,5860,1.8937,5082.73,0.7816,16163.03,116.53
13,24-Aug-06,11304.46,5869.1,1.8914,5112.85,0.7816,15960.62,116.32
14,25-Aug-06,11284.05,5878.6,1.8862,5111.13,0.7845,15938.66,117.3
15,29-Aug-06,11369.94,5888.3,1.8929,5160.32,0.7838,15890.56,116.92
16,30-Aug-06,11382.91,5929.3,1.9059,5182.79,0.7792,15872.02,117.05
17,31-Aug-06,11381.15,5906.1,1.9018,5165.04,0.7813,16140.76,117.3
18,1-Sep-06,11464.15,5949.1,1.9034,5183.45,0.781,16134.25,117.32
19,5-Sep-06,11469.28,5981.7,1.8926,5172.85,0.7808,16385.96,116.1
20,6-Sep-06,11406.2,5929.3,1.8806,5115.52,0.782,16284.09,116.63
21,7-Sep-06,11331.44,5858.1,1.874,5060.09,0.7854,16012.41,116.45
22,8-Sep-06,11392.11,5879.3,1.8651,5073.57,0.7893,16080.46,116.74
23,11-Sep-06,11396.84,5850.8,1.8625,5058.31,0.7879,15794.38,117.74
24,12-Sep-06,11498.09,5895.5,1.8756,5125.97,0.7881,15719.34,117.77
25,13-Sep-06,11543.32,5892.2,1.8746,5137.93,0.7888,15750.05,117.67
26,14-Sep-06,11527.39,5877.2,1.8907,5123.85,0.7843,15942.39,117.41
27,15-Sep-06,11560.77,5877,1.878,5144.88,0.7905,15866.93,117.59
28,19-Sep-06,11540.91,5831.8,1.8868,5115.99,0.7872,15874.28,117.18
29,20-Sep-06,11613.19,5866.2,1.8892,5192.74,0.7872,15718.67,117.25
30,21-Sep-06,11533.23,5896.7,1.8969,5208.32,0.7861,15834.23,116.78
31,22-Sep-06,11508.1,5822.3,1.9024,5141.95,0.7811,15634.67,116.38
32,25-Sep-06,11575.81,5798.3,1.8993,5146.49,0.7849,15633.81,116.49
33,26-Sep-06,11669.39,5873.6,1.8951,5219.59,0.789,15557.45,117.04
34,27-Sep-06,11689.24,5930.1,1.8883,5243.1,0.7868,15947.87,117.37
35,28-Sep-06,11718.45,5971.3,1.8737,5250.01,0.7881,16024.85,117.85
36,29-Sep-06,11679.07,5960.8,1.8682,5250.01,0.7895,16127.58,118.09
37,2-Oct-06,11670.35,5957.8,1.885,5243.13,0.7847,16254.29,117.73
38,3-Oct-06,11727.34,5937.1,1.8891,5219.79,0.7849,16242.09,117.89
39,4-Oct-06,11850.61,5966.5,1.8841,5256.55,0.7881,16082.55,117.98
40,5-Oct-06,11866.69,6004.5,1.8769,5288.53,0.7881,16449.33,117.69
41,6-Oct-06,11850.21,6001.2,1.8697,5282.06,0.7945,16436.06,118.99
42,10-Oct-06,11867.17,6072.7,1.8557,5309.79,0.7975,16477.25,119.65
43,11-Oct-06,11852.13,6073.5,1.8565,5313.19,0.7969,16400.57,119.59
44,12-Oct-06,11947.7,6121.3,1.8566,5361.51,0.7976,16368.81,119.51
45,13-Oct-06,11960.51,6157.3,1.8555,5353.23,0.8004,16536.54,119.87
46,16-Oct-06,11980.59,6172.4,1.8602,5361.97,0.799,16692.76,119.25
47,17-Oct-06,11950.02,6108.6,1.8693,5302.99,0.7975,16611.59,118.7
48,18-Oct-06,11992.68,6150.4,1.867,5361.29,0.7991,16653,119.08
49,19-Oct-06,12011.73,6156,1.8758,5359.74,0.7938,16551.36,118.31
50,20-Oct-06,12002.37,6155.2,1.8805,5375.35,0.7935,16651.63,118.77
51,23-Oct-06,12116.91,6166.1,1.872,5411.81,0.7967,16788.82,119.31
52,24-Oct-06,12127.88,6182.5,1.8716,5404.54,0.7971,16780.47,119.47
53,25-Oct-06,12134.68,6214.6,1.8769,5422.28,0.7944,16699.3,119.13
54,26-Oct-06,12163.66,6184.8,1.8873,5433.79,0.7893,16811.6,118.6
55,27-Oct-06,12090.26,6160.9,1.8967,5396.03,0.786,16669.07,117.61
56,30-Oct-06,12086.49,6126.8,1.9025,5362.23,0.7863,16351.85,117.48
57,31-Oct-06,12080.73,6129.2,1.9073,5348.73,0.7835,16399.39,117.15
58,1-Nov-06,12031.02,6149.6,1.907,5370.86,0.7828,16375.26,116.97
59,2-Nov-06,12018.54,6149.3,1.9072,5310.07,0.7832,16350.02,117.11
60,6-Nov-06,12105.55,6224.5,1.8965,5402.36,0.7866,16364.76,118.36
61,7-Nov-06,12156.77,6244,1.909,5437.78,0.7812,16393.41,117.45
62,8-Nov-06,12176.54,6239,1.9033,5437.16,0.7839,16215.74,117.92
63,9-Nov-06,12103.3,6231.5,1.8988,5448.6,0.7816,16198.57,118.29
64,10-Nov-06,12108.43,6208.4,1.912,5447.5,0.7777,16112.43,117.47
65,13-Nov-06,12131.88,6194.2,1.9032,5490.56,0.7804,16022.49,118.11
66,14-Nov-06,12218.01,6186.6,1.8936,5476.28,0.7807,16289.55,117.73
67,15-Nov-06,12251.71,6229.8,1.8875,5511.53,0.7808,16243.47,118.1
68,16-Nov-06,12305.82,6254.9,1.8891,5505.72,0.7808,16163.87,118.12
69,17-Nov-06,12342.55,6192,1.8945,5439.71,0.7795,16091.73,117.68
70,20-Nov-06,12316.54,6204.5,1.8973,5454.74,0.7802,15725.94,118.18
71,21-Nov-06,12321.59,6202.6,1.8992,5459.35,0.7796,15734.14,117.9
72,22-Nov-06,12326.95,6160.3,1.914,5452.49,0.7731,15914.23,116.62
73,24-Nov-06,12280.17,6122.1,1.932,5389.46,0.7638,15734.6,115.86
74,27-Nov-06,12121.71,6050.1,1.937,5308.65,0.762,15885.38,116.09
75,28-Nov-06,12136.44,6025.9,1.9474,5306.24,0.7604,15855.26,116.24
76,29-Nov-06,12226.73,6084.4,1.9494,5381.25,0.7603,16076.2,116.16
77,30-Nov-06,12221.93,6048.8,1.967,5327.64,0.7544,16274.33,115.65
78,1-Dec-06,12194.13,6021.5,1.9807,5254.05,0.7499,16321.78,115.17
79,4-Dec-06,12283.85,6050.4,1.9789,5296.08,0.7505,16303.59,115.43
80,5-Dec-06,12331.6,6086.4,1.971,5359.69,0.7514,16265.76,115.09
81,6-Dec-06,12309.25,6090.3,1.9703,5350.62,0.7509,16371.28,114.9
82,7-Dec-06,12278.41,6131.5,1.9644,5379.21,0.752,16473.36,115.16
83,8-Dec-06,12307.48,6152.4,1.9667,5384.16,0.751,16417.82,115.49
84,11-Dec-06,12328.48,6159.8,1.9539,5427.56,0.7567,16527.99,117.06
85,12-Dec-06,12315.58,6156.4,1.9664,5426.82,0.7553,16637.78,117.08
86,13-Dec-06,12317.5,6192.5,1.9672,5475.85,0.7563,16692.93,117.26
87,14-Dec-06,12416.76,6228,1.9627,5509.58,0.7592,16829.2,117.63
88,15-Dec-06,12445.52,6260,1.952,5541.62,0.7639,16914.31,117.7
89,18-Dec-06,12441.27,6247.4,1.9458,5530.32,0.7653,16962.11,118.12
90,19-Dec-06,12471.32,6203.9,1.9627,5484.76,0.7594,16776.88,118.12
91,20-Dec-06,12463.87,6198.6,1.9656,5514.42,0.7584,17011.04,118.34
92,21-Dec-06,12421.25,6183.7,1.9619,5510.39,0.7596,17047.83,118.45
93,22-Dec-06,12343.21,6190,1.9602,5453.94,0.7601,17104.96,118.81
94,27-Dec-06,12510.57,6245.2,1.9552,5540.01,0.7618,17248.63,118.69
95,28-Dec-06,12501.52,6240.9,1.9599,5533.36,0.7607,17224.81,118.98
96,29-Dec-06,12463.15,6220.8,1.957,5541.76,0.7584,17225.83,119.16
97,4-Jan-07,12480.69,6287,1.9447,5574.56,0.7639,17353.67,119.24
98,5-Jan-07,12398.01,6220.1,1.9275,5517.35,0.7698,17091.59,118.74
99,9-Jan-07,12416.6,6196.1,1.9406,5533.03,0.7691,17237.77,119.4
100,10-Jan-07,12442.16,6160.7,1.9351,5501.95,0.7724,16942.4,119.63
101,11-Jan-07,12514.98,6230.1,1.9415,5609.8,0.7758,16838.17,120.45
102,12-Jan-07,12556.08,6239,1.9604,5617.62,0.7732,17057.01,120.35
103,16-Jan-07,12582.59,6215.7,1.961,5591.54,0.7733,17202.46,120.74
104,17-Jan-07,12577.15,6204.5,1.9714,5561.78,0.7722,17261.35,120.53
105,18-Jan-07,12567.93,6210.3,1.9722,5555.04,0.7721,17370.93,121.31
106,19-Jan-07,12565.53,6237.2,1.974,5614.7,0.7725,17310.44,121.38
107,22-Jan-07,12477.16,6218.4,1.9763,5579.78,0.7717,17424.18,121.58
108,23-Jan-07,12533.8,6227.6,1.9865,5575.07,0.7673,17408.57,121.38
109,24-Jan-07,12621.77,6314.8,1.9655,5638.08,0.7714,17507.4,120.98
110,25-Jan-07,12502.56,6269.3,1.9708,5609.2,0.7706,17458.3,120.95
111,26-Jan-07,12487.02,6228,1.9596,5582.3,0.7748,17421.93,121.49
112,29-Jan-07,12490.78,6239.9,1.9579,5619.7,0.773,17470.46,121.91
113,30-Jan-07,12523.31,6242,1.9614,5645.59,0.7718,17490.19,121.53
114,31-Jan-07,12621.69,6203.1,1.9574,5608.31,0.7695,17383.42,120.95
115,1-Feb-07,12673.68,6282.2,1.9705,5662.25,0.7679,17519.5,120.5
116,2-Feb-07,12653.49,6310.9,1.9684,5677.3,0.7707,17547.11,121.14
117,5-Feb-07,12661.74,6317.9,1.9601,5681.11,0.7736,17344.8,120.29
118,6-Feb-07,12666.31,6346.3,1.9687,5676.78,0.772,17406.86,120.46
119,7-Feb-07,12666.87,6369.5,1.9701,5703,0.7682,17292.32,120.66
120,8-Feb-07,12637.63,6346.4,1.9583,5665.1,0.767,17292.48,121.18
121,9-Feb-07,12580.83,6382.8,1.9484,5692.45,0.7694,17504.33,121.7
122,13-Feb-07,12654.85,6381.8,1.9429,5682.69,0.7684,17621.45,121.3
123,14-Feb-07,12741.86,6421.2,1.9607,5725.84,0.7619,17752.64,120.78
124,15-Feb-07,12765.01,6433.3,1.9542,5720.88,0.7609,17897.23,119.48
125,16-Feb-07,12767.57,6419.5,1.95,5713.59,0.762,17875.65,119.31
126,20-Feb-07,12786.64,6412.3,1.9571,5713.45,0.7602,17939.12,120.11
127,21-Feb-07,12738.41,6357.1,1.9523,5694.56,0.7616,17913.21,120.99
128,22-Feb-07,12686.02,6380.9,1.9525,5707.86,0.7629,18108.79,121.44
129,23-Feb-07,12647.48,6401.5,1.9628,5716.38,0.7595,18188.42,121.08
130,26-Feb-07,12632.26,6434.7,1.9631,5762.54,0.7592,18215.35,120.54
131,27-Feb-07,12216.24,6286.1,1.9656,5588.39,0.755,18119.92,118.73
132,28-Feb-07,12268.63,6171.5,1.96,5516.32,0.7569,17604.12,118.47
133,1-Mar-07,12234.34,6116,1.9576,5458.4,0.7597,17453.51,117.64
134,2-Mar-07,12114.1,6116.2,1.9442,5424.7,0.7593,17217.93,117.02
135,5-Mar-07,12050.41,6058.7,1.926,5385.03,0.7634,16642.25,116.01
136,6-Mar-07,12207.59,6138.5,1.9255,5437.13,0.763,16844.5,116.25
137,7-Mar-07,12192.45,6156.5,1.9305,5455.07,0.7607,16764.62,116.56
138,8-Mar-07,12260.7,6227.7,1.9301,5524.26,0.7618,17090.31,117.34
139,9-Mar-07,12276.32,6245.2,1.9319,5537.84,0.7625,17164.04,118.1
140,12-Mar-07,12318.62,6233.3,1.9291,5496.07,0.7584,17292.39,117.56
141,13-Mar-07,12075.96,6161.2,1.9321,5432.94,0.7576,17178.84,116.98
142,14-Mar-07,12133.4,6000.7,1.9337,5296.22,0.7561,16676.89,116.34
143,15-Mar-07,12159.68,6133.2,1.9365,5389.85,0.7548,16860.39,117.28
144,16-Mar-07,12110.41,6130.6,1.9424,5382.16,0.7513,16744.15,116.76
145,19-Mar-07,12226.17,6189.4,1.9461,5458.95,0.7519,17009.55,117.59
146,20-Mar-07,12288.1,6220.3,1.9579,5503.27,0.7524,17163.2,117.33
147,22-Mar-07,12461.14,6318,1.9673,5598.37,0.7486,17419.2,117.76
148,23-Mar-07,12481.01,6339.4,1.9632,5634.75,0.7518,17480.61,117.83
149,26-Mar-07,12469.07,6291.9,1.9685,5576.3,0.75,17521.96,117.87
150,27-Mar-07,12397.29,6292.6,1.9653,5587.06,0.7492,17365.05,117.93
151,28-Mar-07,12300.36,6267.2,1.9654,5552.69,0.7481,17254.73,116.46
152,29-Mar-07,12348.75,6324.2,1.963,5631.53,0.75,17263.94,117.9
153,30-Mar-07,12354.35,6308,1.9613,5634.16,0.7512,17287.65,118.06
154,2-Apr-07,12382.3,6315.5,1.9777,5645.56,0.7477,17028.41,117.82
155,3-Apr-07,12510.93,6366.1,1.9785,5711.91,0.7478,17244.05,118.78
156,4-Apr-07,12530.05,6364.7,1.9772,5739.01,0.7477,17544.09,118.62
157,5-Apr-07,12560.83,6397.3,1.9718,5741.38,0.7443,17491.42,118.55
158,10-Apr-07,12573.85,6417.8,1.9724,5766.27,0.744,17664.69,119.08
159,11-Apr-07,12484.62,6413.3,1.9789,5751.92,0.7441,17670.07,119.33
160,12-Apr-07,12552.96,6416.4,1.9793,5748.94,0.741,17540.42,118.95
161,13-Apr-07,12612.13,6462.4,1.9828,5789.34,0.74,17363.95,119.3
162,16-Apr-07,12720.46,6516.2,1.9901,5861.97,0.7381,17628.3,119.81
163,17-Apr-07,12773.04,6497.8,2.0051,5858.14,0.737,17527.45,119.27
164,18-Apr-07,12803.84,6449.4,2.0054,5835.95,0.7362,17667.33,118.25
165,19-Apr-07,12808.63,6440.6,2.0026,5829.04,0.7349,17371.97,118.27
166,20-Apr-07,12961.98,6486.8,2.0035,5938.9,0.7357,17452.62,118.89
167,23-Apr-07,12919.4,6479.7,2.0003,5917.32,0.7371,17455.37,118.73
168,24-Apr-07,12953.94,6429.5,2.0028,5886.03,0.7341,17451.77,118.41
169,25-Apr-07,13089.89,6461.9,2.0057,5947.33,0.7321,17236.16,118.48
170,26-Apr-07,13105.5,6469.4,1.9919,5944.44,0.735,17429.17,119.39
171,27-Apr-07,13120.94,6418.7,2.002,5930.77,0.7322,17400.41,119.46
172,2-May-07,13211.88,6484.5,1.9902,5990.13,0.7355,17394.92,120.11
173,8-May-07,13309.07,6550.4,1.9902,6034.25,0.7392,17656.84,119.87
174,9-May-07,13362.87,6549.6,1.9969,6051.63,0.7379,17748.12,119.71
175,10-May-07,13215.13,6524.1,1.9828,6012.76,0.7401,17736.96,120.43
176,11-May-07,13326.22,6565.7,1.9825,6050.63,0.7395,17553.72,120.1
177,14-May-07,13346.78,6555.5,1.9805,6026.42,0.7386,17677.94,120.36
178,15-May-07,13383.84,6568.6,1.984,6049.76,0.7355,17512.98,120.27
179,16-May-07,13487.53,6559.5,1.9828,6017.91,0.7366,17529,120.69
180,17-May-07,13476.72,6579.3,1.9752,6027,0.7412,17498.6,121.27
181,18-May-07,13556.53,6640.9,1.9743,6101.14,0.741,17399.58,121.21
182,21-May-07,13542.88,6636.8,1.9693,6089.91,0.743,17556.87,121.6
183,22-May-07,13539.95,6606.6,1.9747,6089.72,0.7428,17680.05,121.42
184,23-May-07,13525.65,6616.4,1.989,6120.2,0.7413,17705.12,121.44
185,24-May-07,13441.13,6565.4,1.9855,6048.31,0.7443,17696.97,121.43
186,25-May-07,13507.28,6570.5,1.9848,6057.49,0.7432,17481.21,121.64
187,29-May-07,13521.34,6606.5,1.9816,6056.39,0.7417,17672.56,121.74
188,30-May-07,13633.08,6602.1,1.9749,6042.15,0.7446,17588.26,121.52
189,31-May-07,13627.64,6621.4,1.9782,6104,0.7432,17875.75,121.81
190,1-Jun-07,13668.11,6676.7,1.979,6168.15,0.7452,17958.88,122.03
191,4-Jun-07,13676.32,6664.1,1.9912,6125.81,0.7416,17973.42,121.75
192,5-Jun-07,13595.46,6632.8,1.9929,6078.54,0.7395,18053.81,121.65
193,6-Jun-07,13465.67,6522.7,1.9917,5977.87,0.7411,18040.93,121.05
194,7-Jun-07,13266.73,6505.1,1.9806,5890.49,0.7429,18053.38,121.45
195,8-Jun-07,13424.39,6505.1,1.9675,5883.29,0.7486,17779.09,121.56
196,11-Jun-07,13424.96,6567.5,1.9672,5940.09,0.7493,17834.48,121.73
197,12-Jun-07,13295.01,6520.4,1.9735,5898.16,0.751,17760.91,121.76
198,13-Jun-07,13482.35,6559.6,1.9728,5934.27,0.7516,17732.77,122.33
199,14-Jun-07,13553.73,6649.9,1.9694,6047.23,0.7511,17842.29,122.92
200,15-Jun-07,13639.48,6732.4,1.9769,6105.28,0.7482,17971.49,123.52
201,18-Jun-07,13612.98,6703.5,1.9808,6087.15,0.7465,18149.52,123.66
202,19-Jun-07,13635.42,6650.2,1.9873,6071.67,0.7458,18163.61,123.38
203,20-Jun-07,13489.42,6649.3,1.9929,6093.29,0.7452,18211.68,123.65
204,21-Jun-07,13545.84,6596,1.9925,6029.79,0.7463,18240.3,123.66
205,22-Jun-07,13360.26,6567.4,1.9958,6023.25,0.7447,18188.63,124.09
206,25-Jun-07,13352.05,6588.4,1.9966,6002.85,0.7433,18087.48,123.74
207,26-Jun-07,13337.66,6559.3,1.9994,5953.36,0.7428,18066.11,123.09
208,27-Jun-07,13427.73,6527.6,1.9968,5941.67,0.7445,17849.28,122.48
209,28-Jun-07,13422.28,6571.3,2.0026,6006.31,0.7427,17932.27,122.97
210,29-Jun-07,13408.62,6607.9,2.0064,6054.93,0.7405,18138.36,123.51
211,2-Jul-07,13535.43,6590.6,2.0136,6026.95,0.7337,18146.3,122.31
212,3-Jul-07,13577.3,6639.8,2.0165,6069.84,0.7346,18149.9,122.33
213,5-Jul-07,13565.84,6635.2,2.0104,6059.53,0.7353,18221.48,122.82
214,6-Jul-07,13611.68,6690.1,2.0131,6102.69,0.7336,18140.94,123.2
215,9-Jul-07,13649.97,6712.7,2.0151,6104.66,0.7338,18261.98,123.31
216,10-Jul-07,13501.7,6630.9,2.0238,6019.22,0.7289,18252.67,122.08
217,11-Jul-07,13577.87,6615.1,2.0343,6001.09,0.7259,18049.51,121.84
218,12-Jul-07,13861.73,6697.7,2.0289,6103.05,0.7262,17984.14,122.46
219,13-Jul-07,13907.25,6716.7,2.0326,6117.96,0.726,18238.95,122.24
220,17-Jul-07,13971.55,6659.1,2.0446,6099.21,0.7254,18217.27,122.22
221,18-Jul-07,13918.22,6567.1,2.0522,5995.97,0.7242,18015.58,121.83
222,19-Jul-07,14000.41,6640.2,2.0499,6065.5,0.7234,18116.57,122.01
223,20-Jul-07,13851.08,6585.2,2.0552,5957.16,0.7228,18157.93,121.2
224,23-Jul-07,13943.42,6624.4,2.058,6009.16,0.7237,17963.64,121.35
225,24-Jul-07,13716.95,6498.7,2.0613,5907.47,0.7233,18002.03,120.66
226,25-Jul-07,13785.79,6454.3,2.0495,5837.11,0.7297,17858.42,120.25
227,26-Jul-07,13473.57,6251.2,2.0464,5675.05,0.7289,17702.09,119.31
228,27-Jul-07,13265.47,6215.2,2.0306,5643.96,0.7323,17283.81,118.8
229,30-Jul-07,13358.31,6206.1,2.0242,5646.36,0.7309,17289.3,118.46
230,31-Jul-07,13211.99,6360.1,2.0322,5751.08,0.7304,17248.89,119.07
231,1-Aug-07,13362.37,6250.6,2.0293,5654.3,0.7312,16870.98,118.55
232,2-Aug-07,13463.33,6300.3,2.0326,5682.07,0.7313,16984.11,118.99
233,3-Aug-07,13181.91,6224.3,2.0389,5597.89,0.7264,16979.86,118.37
234,6-Aug-07,13468.78,6189.1,2.0314,5532.99,0.7248,16914.46,117.8
235,7-Aug-07,13504.3,6308.8,2.0212,5620.4,0.7265,16921.77,118.4
236,8-Aug-07,13657.86,6393.9,2.0386,5749.29,0.7236,17029.28,119.64
237,9-Aug-07,13270.68,6271.2,2.0299,5624.78,0.7297,17170.6,118.66
238,10-Aug-07,13239.54,6038.3,2.0196,5448.63,0.7311,16764.09,117.78
239,13-Aug-07,13236.53,6219,2.0116,5569.28,0.7345,16800.05,118.37
240,14-Aug-07,13028.92,6143.5,2,5478.66,0.7369,16844.61,117.93
241,15-Aug-07,12861.47,6109.3,1.991,5442.72,0.7424,16475.61,117.25
242,16-Aug-07,12845.78,5858.9,1.9816,5265.47,0.7462,16148.49,114.23
243,17-Aug-07,13079.08,6064.2,1.986,5363.63,0.7401,15273.68,113.78
244,20-Aug-07,13121.35,6078.7,1.9857,5399.38,0.7418,15732.48,114.83
245,21-Aug-07,13090.86,6086.1,1.9834,5418.78,0.7412,15901.34,114.34
246,22-Aug-07,13236.13,6196,1.9913,5518.17,0.7398,15900.64,115.03
247,23-Aug-07,13235.88,6196.9,2.0057,5523.33,0.7366,16316.32,116.25
248,24-Aug-07,13378.87,6220.1,2.0096,5569.38,0.7332,16248.97,115.91
249,28-Aug-07,13041.85,6102.2,2.0095,5474.17,0.7329,16287.49,114.95
250,29-Aug-07,13289.29,6132.2,2.0144,5520.02,0.7326,16012.83,115.09
251,30-Aug-07,13238.73,6212,2.0154,5592.53,0.7332,16153.82,115.8
252,31-Aug-07,13357.74,6303.3,2.0171,5662.7,0.7335,16569.09,115.92
253,4-Sep-07,13448.86,6376.8,2.0102,5672.72,0.736,16420.47,116.2
254,5-Sep-07,13305.47,6270.7,2.0199,5551.55,0.7325,16158.45,115.35
255,6-Sep-07,13363.35,6313.3,2.0217,5576.62,0.7304,16257,115.25
256,7-Sep-07,13113.38,6191.2,2.0252,5430.1,0.7265,16122.16,113.45
257,10-Sep-07,13127.85,6134.1,2.0285,5386.43,0.725,15764.97,113.29
258,11-Sep-07,13308.39,6280.7,2.0302,5478.94,0.7228,15877.67,114.1
259,12-Sep-07,13291.65,6306.2,2.0307,5508.01,0.7201,15797.6,114.2
260,13-Sep-07,13424.88,6363.9,2.0273,5565.97,0.7204,15821.19,115.41
261,14-Sep-07,13442.52,6289.3,2.0117,5538.92,0.721,16127.42,115.07
262,18-Sep-07,13739.39,6283.3,1.9968,5549.35,0.721,15801.8,115.81
263,19-Sep-07,13815.56,6460,1.9993,5730.82,0.7164,16381.54,116.27
264,20-Sep-07,13766.7,6429,2.0139,5688.76,0.7099,16413.79,114.55
265,21-Sep-07,13820.19,6456.7,2.0206,5700.65,0.7095,16312.61,115.41
266,25-Sep-07,13778.65,6396.9,2.0161,5641.59,0.708,16401.73,114.36
267,26-Sep-07,13878.15,6433,2.0153,5690.77,0.7081,16435.74,115.7
268,27-Sep-07,13912.94,6486.4,2.0239,5733.37,0.7066,16832.22,115.67
269,28-Sep-07,13895.63,6466.8,2.0374,5715.69,0.703,16785.69,115.02
270,1-Oct-07,14087.55,6506.2,2.043,5773.26,0.7021,16845.96,115.66
271,2-Oct-07,14047.31,6500.4,2.0408,5799.27,0.7066,17046.78,115.9
272,3-Oct-07,13968.05,6535.2,2.037,5806.18,0.7069,17199.89,116.75
273,4-Oct-07,13974.31,6547.9,2.0413,5804.39,0.7075,17092.49,116.46
274,5-Oct-07,14066.01,6595.8,2.0417,5843.24,0.7071,17065.04,116.7
275,9-Oct-07,14164.53,6615.4,2.0336,5861.93,0.7098,17159.9,116.99
276,10-Oct-07,14078.69,6633,2.0437,5838.49,0.706,17177.89,117.08
277,11-Oct-07,14015.12,6724.5,2.0385,5862.83,0.7023,17458.98,117.58
278,12-Oct-07,14093.08,6730.7,2.0347,5843.95,0.7057,17331.17,117.43
279,15-Oct-07,13984.8,6644.5,2.0422,5807.44,0.703,17358.15,117.46
280,16-Oct-07,13912.94,6614.3,2.0319,5774.36,0.7064,17137.92,116.57
281,17-Oct-07,13892.54,6677.7,2.0377,5818.8,0.7044,16955.31,116.68
282,18-Oct-07,13888.96,6609.4,2.0464,5767.24,0.7002,17106.09,115.67
283,19-Oct-07,13522.02,6527.9,2.0458,5740.48,0.7019,16814.37,114.94
284,22-Oct-07,13566.97,6459.3,2.0276,5661.27,0.7069,16438.47,114.06
285,23-Oct-07,13676.23,6514,2.0484,5705.05,0.702,16450.58,114.67
286,24-Oct-07,13675.25,6482,2.0468,5674.67,0.7029,16358.39,114.08
287,25-Oct-07,13671.92,6576.3,2.0497,5760.3,0.699,16284.17,114.25
288,26-Oct-07,13806.7,6661.3,2.0523,5794.87,0.695,16505.63,114.15
289,29-Oct-07,13870.26,6706,2.0609,5836.19,0.6942,16698.08,114.7
290,30-Oct-07,13792.47,6659,2.0671,5803.93,0.6933,16651.01,114.72
291,31-Oct-07,13930.01,6721.6,2.0774,5847.95,0.6911,16737.63,115.29
292,1-Nov-07,13567.87,6586.1,2.0817,5730.92,0.6927,16870.4,114.88
293,2-Nov-07,13595.1,6530.6,2.082,5720.42,0.6905,16517.48,114.76
294,5-Nov-07,13543.4,6461.4,2.0806,5684.62,0.6911,16268.92,114.5
295,6-Nov-07,13660.94,6474.9,2.0876,5709.42,0.6872,16249.63,114.31
296,7-Nov-07,13300.02,6385.1,2.104,5683.22,0.6818,16096.68,113.25
297,8-Nov-07,13266.29,6381.9,2.1081,5631.63,0.6808,15771.57,112.76
298,9-Nov-07,13042.74,6304.9,2.0948,5524.18,0.6813,15583.42,110.65
299,12-Nov-07,12987.55,6337.9,2.0592,5535.56,0.6879,15197.09,109.38
300,13-Nov-07,13307.09,6362.4,2.0724,5538.91,0.6848,15126.63,110.23
301,14-Nov-07,13231.01,6432.1,2.0654,5613.6,0.6806,15499.56,111.4
302,15-Nov-07,13110.05,6359.6,2.0453,5561.13,0.6837,15396.3,110.93
303,16-Nov-07,13176.79,6291.2,2.0457,5523.63,0.6834,15154.61,110.61
304,19-Nov-07,12958.44,6120.8,2.0519,5432.57,0.6824,15042.56,110.18
305,20-Nov-07,13010.14,6226.5,2.0646,5506.68,0.6765,15211.52,110.16
306,21-Nov-07,12799.04,6070.9,2.0551,5381.3,0.6745,14837.66,108.42
307,26-Nov-07,12743.44,6180.5,2.0678,5458.39,0.6739,15135.21,108.26
308,27-Nov-07,12958.44,6140.7,2.0698,5434.17,0.6729,15222.85,108.57
309,28-Nov-07,13289.45,6306.2,2.0712,5561.21,0.6776,15153.78,109.96
310,29-Nov-07,13311.73,6349.1,2.0625,5598.11,0.677,15513.74,109.67
311,30-Nov-07,13371.72,6432.5,2.0561,5670.57,0.6812,15680.67,110.88
312,3-Dec-07,13314.57,6386.6,2.0673,5629.46,0.6821,15628.97,110.47
313,4-Dec-07,13248.73,6315.2,2.0587,5547.21,0.6778,15480.19,109.62
314,5-Dec-07,13444.96,6493.8,2.0276,5659.07,0.6823,15608.88,110.93
315,6-Dec-07,13619.89,6485.6,2.0254,5673.76,0.6839,15874.08,111.36
316,7-Dec-07,13625.58,6554.9,2.0295,5718.75,0.6825,15956.37,111.67
317,10-Dec-07,13727.03,6565.4,2.0462,5750.92,0.6796,15924.39,111.71
318,11-Dec-07,13432.77,6536.9,2.039,5724.76,0.6806,16044.72,111.61
319,12-Dec-07,13473.9,6559.8,2.0456,5743.32,0.6812,15932.26,112.24
320,13-Dec-07,13517.96,6364.2,2.0377,5590.91,0.6847,15536.52,112.14
321,14-Dec-07,13339.85,6397,2.0196,5605.36,0.6927,15514.51,113.36
322,17-Dec-07,13167.2,6277.8,2.0151,5514.88,0.6956,15249.79,113.24
323,18-Dec-07,13232.47,6279.3,2.018,5509.37,0.6943,15207.86,113.21
324,19-Dec-07,13207.27,6284.5,2.0034,5497.42,0.695,15030.51,113.37
325,20-Dec-07,13245.64,6345.6,1.9813,5511.45,0.6972,15031.6,112.91
326,21-Dec-07,13450.65,6434.1,1.9841,5602.77,0.6958,15257,113.92
327,27-Dec-07,13359.61,6497.8,1.9882,5627.48,0.6864,15564.69,114.16
328,28-Dec-07,13365.87,6476.9,1.9929,5627.25,0.6801,15307.78,113.13
329,4-Jan-08,12800.18,6348.5,1.9744,5446.79,0.6768,14691.41,108.23
330,7-Jan-08,12827.49,6335.7,1.9755,5452.83,0.6794,14500.55,108.69
331,8-Jan-08,12589.07,6356.5,1.9735,5495.67,0.6796,14528.67,109.71
332,9-Jan-08,12735.31,6272.7,1.9583,5435.42,0.6817,14599.16,109.54
333,10-Jan-08,12853.09,6222.7,1.9575,5400.43,0.6786,14388.11,109.48
334,11-Jan-08,12606.3,6202,1.9583,5371.41,0.676,14110.79,109.02
335,15-Jan-08,12501.11,6025.6,1.9714,5250.82,0.6732,13972.63,106.82
336,16-Jan-08,12466.16,5942.9,1.9649,5225.39,0.681,13504.51,106.84
337,17-Jan-08,12159.21,5902.4,1.9769,5157.09,0.6808,13783.45,107.13
338,18-Jan-08,12099.3,5901.7,1.9538,5092.4,0.6837,13861.29,107.07
339,22-Jan-08,11971.19,5740.1,1.9608,4842.54,0.6842,12573.05,106.82
340,23-Jan-08,12270.17,5609.3,1.9495,4636.76,0.687,12829.06,105.73
341,24-Jan-08,12378.61,5875.8,1.9716,4915.29,0.6798,13092.78,106.67
342,25-Jan-08,12207.17,5869,1.9832,4878.12,0.6804,13629.16,107.3
343,28-Jan-08,12383.89,5788.9,1.9874,4848.3,0.6759,13087.91,106.79
344,29-Jan-08,12480.3,5885.2,1.9874,4941.45,0.6772,13478.86,106.92
345,30-Jan-08,12442.83,5837.3,1.9885,4873.57,0.6763,13345.03,107.35
346,31-Jan-08,12650.36,5879.8,1.9882,4869.79,0.6754,13592.47,106.32
347,1-Feb-08,12743.19,6029.2,1.9686,4978.06,0.6746,13497.16,106.25
348,4-Feb-08,12635.16,6026.2,1.9757,4973.64,0.6749,13859.7,106.78
349,5-Feb-08,12265.13,5868,1.9646,4776.86,0.6829,13745.5,106.92
350,6-Feb-08,12200.1,5875.4,1.9602,4816.43,0.6822,13099.24,106.74
351,7-Feb-08,12247,5724.1,1.9416,4723.8,0.6895,13207.15,106.62
352,8-Feb-08,12182.13,5784,1.9464,4709.65,0.6898,13017.24,107.45
353,12-Feb-08,12373.41,5910,1.9604,4840.71,0.6853,13021.96,107.43
354,13-Feb-08,12552.24,5880.1,1.9627,4855.4,0.6866,13068.3,108.24
355,14-Feb-08,12376.98,5879.3,1.9718,4858.65,0.6839,13626.45,108.17
356,15-Feb-08,12348.21,5787.6,1.9628,4771.79,0.6807,13622.56,107.62
357,19-Feb-08,12337.22,5966.9,1.9513,4885.83,0.6782,13757.91,107.54
358,20-Feb-08,12427.26,5893.6,1.9406,4812.81,0.6827,13310.37,108.03
359,21-Feb-08,12284.3,5932.2,1.96,4858.85,0.6761,13688.28,107.51
360,22-Feb-08,12381.02,5888.5,1.9668,4824.55,0.675,13500.46,106.96
361,25-Feb-08,12570.22,5999.5,1.9679,4919.26,0.6743,13914.57,108.09
362,26-Feb-08,12684.92,6087.4,1.9722,4973.07,0.672,13824.72,107.65
363,27-Feb-08,12694.28,6076.5,1.9885,4968.82,0.6624,14031.3,106.52
364,28-Feb-08,12582.18,5965.7,1.9896,4865.23,0.6588,13925.51,105.77
365,29-Feb-08,12266.39,5884.3,1.9892,4790.66,0.6588,13603.02,104.1
366,3-Mar-08,12258.9,5818.6,1.9825,4742.66,0.6579,12992.18,103.39
367,4-Mar-08,12213.8,5767.7,1.9861,4675.91,0.6564,12992.28,102.79
368,5-Mar-08,12254.99,5853.5,1.9897,4756.42,0.6549,12972.06,103.96
369,6-Mar-08,12040.39,5766.4,2.0094,4678.05,0.6511,13215.42,103.09
370,7-Mar-08,11893.69,5699.9,2.0141,4618.96,0.6512,12782.8,102.98
371,10-Mar-08,11740.15,5629.1,2.0166,4566.99,0.6506,12532.13,101.82
372,11-Mar-08,12156.81,5690.4,2.0037,4627.69,0.6524,12658.28,102.88
373,12-Mar-08,12110.24,5776.4,2.021,4697.1,0.6454,12861.13,102.4
374,13-Mar-08,12145.74,5692.4,2.031,4630.19,0.6417,12433.44,100.59
375,14-Mar-08,11951.09,5631.7,2.0291,4592.15,0.6409,12241.6,100.21
376,17-Mar-08,11972.25,5414.4,2.0008,4431.04,0.6344,11787.51,96.91
377,18-Mar-08,12392.66,5605.8,2.0214,4582.59,0.6336,11964.16,98.24
378,19-Mar-08,12099.66,5545.6,1.9858,4555.95,0.6393,12260.44,99.35
379,25-Mar-08,12532.6,5689.1,1.9997,4692,0.6412,12745.22,100.08
380,26-Mar-08,12422.86,5660.4,2.0019,4676.68,0.6345,12706.63,99.13
381,27-Mar-08,12302.46,5717.5,2.0096,4719.53,0.633,12604.58,99.88
382,28-Mar-08,12216.4,5692.9,1.9889,4695.92,0.6346,12820.47,99.72
383,31-Mar-08,12262.89,5702.1,1.9875,4707.07,0.6311,12525.54,99.52
384,1-Apr-08,12654.36,5852.6,1.9755,4866,0.6412,12656.42,101.86
385,2-Apr-08,12608.92,5915.9,1.9813,4911.97,0.6406,13189.36,102.69
386,3-Apr-08,12626.03,5891.3,1.9952,4887.87,0.6396,13389.9,102.27
387,4-Apr-08,12609.42,5947.1,1.9943,4900.88,0.6352,13293.22,101.57
388,7-Apr-08,12612.43,6014.8,1.9896,4944.6,0.6365,13450.23,102.53
389,8-Apr-08,12576.44,5990.2,1.9682,4912.69,0.6366,13250.43,102.58
390,9-Apr-08,12527.26,5983.9,1.9741,4874.97,0.6338,13111.89,102.29
391,10-Apr-08,12581.98,5965.1,1.9787,4859.42,0.6333,12945.3,100.99
392,11-Apr-08,12325.42,5895.5,1.9715,4797.93,0.6321,13323.73,101.1
393,14-Apr-08,12302.06,5831.6,1.9838,4766.49,0.6313,12917.51,100.72
394,15-Apr-08,12362.47,5906.9,1.9624,4780.68,0.6328,12990.58,101.35
395,16-Apr-08,12619.27,6046.2,1.9758,4855.1,0.627,13146.13,101.31
396,17-Apr-08,12620.49,5980.4,1.9855,4862.14,0.6288,13398.3,102.37
397,18-Apr-08,12849.36,6056.5,1.9972,4961.69,0.6356,13476.45,104.46
398,21-Apr-08,12825.02,6053,1.9808,4910.35,0.6282,13696.55,103.13
399,22-Apr-08,12720.23,6034.7,1.9945,4872.64,0.626,13547.82,103.19
400,23-Apr-08,12763.22,6083.6,1.9803,4944.65,0.6298,13579.16,103.62
401,24-Apr-08,12848.95,6050.7,1.9728,4929.55,0.6369,13540.87,104.02
402,25-Apr-08,12891.86,6091.4,1.9886,4978.21,0.6386,13863.47,104.13
403,28-Apr-08,12871.75,6090.4,1.9948,5012.75,0.6393,13894.37,104.49
404,30-Apr-08,12820.13,6087.3,1.9803,4996.54,0.6422,13849.99,104.51
405,2-May-08,13058.2,6215.5,1.975,5069.71,0.6491,14049.26,105.32
406,7-May-08,12814.35,6261,1.9514,5075.31,0.6495,14102.48,105.34
407,8-May-08,12866.78,6270.8,1.9563,5055.58,0.6485,13943.26,103.62
408,9-May-08,12745.88,6204.7,1.9461,4960.56,0.648,13655.34,103.23
409,12-May-08,12876.05,6220.6,1.9612,4976.21,0.6451,13743.36,103.67
410,13-May-08,12832.18,6211.9,1.9465,4998.67,0.6457,13953.73,104.45
411,14-May-08,12898.38,6216,1.9417,5055.24,0.647,14118.55,105.26
412,15-May-08,12992.66,6251.8,1.9464,5057.51,0.6461,14251.74,104.81
413,16-May-08,12986.8,6304.3,1.9537,5078.04,0.643,14219.48,104.08
414,19-May-08,13028.16,6376.5,1.9488,5142.1,0.6446,14269.61,104.48
415,20-May-08,12828.68,6191.6,1.9685,5054.88,0.6395,14160.09,103.84
416,21-May-08,12601.19,6198.1,1.9642,5027.55,0.6342,13926.3,103.27
417,22-May-08,12625.62,6181.6,1.9812,5028.74,0.6363,13978.46,103.95
418,23-May-08,12479.63,6087.3,1.9819,4933.77,0.6342,14012.2,103.37
419,27-May-08,12548.35,6058.5,1.9747,4906.56,0.6361,13893.31,104.1
420,28-May-08,12594.03,6069.6,1.9807,4971.11,0.6399,13709.44,104.75
421,29-May-08,12646.22,6068.1,1.9769,4975.9,0.6438,14124.47,105.41
422,30-May-08,12638.32,6053.5,1.9762,5014.28,0.6435,14338.54,105.57
423,2-Jun-08,12503.82,6007.6,1.9637,4935.21,0.644,14440.14,104.55
424,3-Jun-08,12402.85,6057.7,1.9665,4983.71,0.6468,14209.17,105.26
425,4-Jun-08,12390.48,5970.1,1.9537,4915.07,0.6473,14435.57,105.03
426,5-Jun-08,12604.45,5995.3,1.9547,4907.06,0.6437,14341.12,106.11
427,6-Jun-08,12209.81,5906.8,1.9698,4795.32,0.6355,14489.44,105.32
428,9-Jun-08,12280.32,5877.6,1.9766,4799.38,0.6358,14181.38,106.07
429,10-Jun-08,12289.76,5827.3,1.9527,4761.08,0.646,14021.17,107.19
430,11-Jun-08,12083.77,5723.3,1.9635,4660.91,0.6436,14183.48,106.77
431,12-Jun-08,12141.58,5790.5,1.9458,4672.3,0.6486,13888.6,108.03
432,13-Jun-08,12307.35,5802.8,1.9446,4682.3,0.6517,13973.73,108.02
433,16-Jun-08,12269.08,5794.6,1.9636,4657.74,0.6468,14354.37,108.28
434,17-Jun-08,12160.3,5861.9,1.9526,4686.33,0.645,14348.37,108.14
435,18-Jun-08,12029.06,5756.9,1.9584,4618.75,0.6445,14452.82,107.9
436,19-Jun-08,12063.09,5708.4,1.9711,4591.39,0.6456,14130.17,107.98
437,20-Jun-08,11842.69,5620.8,1.9756,4509.27,0.6397,13942.08,107.39
438,23-Jun-08,11842.36,5667.2,1.9594,4511.37,0.6458,13857.47,107.92
439,24-Jun-08,11807.43,5634.7,1.9711,4473.76,0.6413,13849.56,107.71
440,25-Jun-08,11811.83,5666.1,1.968,4536.29,0.6425,13829.92,108.17
441,26-Jun-08,11453.42,5518.2,1.989,4426.19,0.635,13822.32,107.19
442,27-Jun-08,11346.51,5529.9,1.9914,4397.32,0.6349,13544.36,106.14
443,30-Jun-08,11350.01,5625.9,1.9901,4434.85,0.6347,13481.38,106.01
444,1-Jul-08,11382.26,5479.9,1.9914,4341.21,0.6348,13463.2,106.01
445,2-Jul-08,11215.51,5426.3,1.9922,4296.48,0.6303,13286.37,106.11
446,3-Jul-08,11288.53,5476.6,1.9827,4343.99,0.6364,13265.4,106.68
447,7-Jul-08,11231.96,5512.7,1.9695,4342.59,0.6384,13360.04,107.52
448,8-Jul-08,11384.21,5440.5,1.9718,4275.61,0.6378,13033.1,107.21
449,9-Jul-08,11147.44,5529.6,1.9786,4339.66,0.6356,13052.13,107.12
450,10-Jul-08,11229.02,5406.8,1.978,4231.56,0.6332,13067.21,106.89
451,11-Jul-08,11100.54,5261.6,1.9884,4100.64,0.6286,13039.69,106.04
452,14-Jul-08,11055.19,5300.4,1.9918,4142.53,0.6291,13010.16,106.45
453,15-Jul-08,10962.54,5171.9,2.0049,4061.15,0.6261,12754.56,104.37
454,16-Jul-08,11239.28,5150.6,1.9963,4112.45,0.6321,12760.8,104.81
455,17-Jul-08,11446.66,5286.3,2.0069,4225.99,0.6296,12887.95,105.61
456,18-Jul-08,11496.57,5376.4,1.9963,4299.36,0.6308,12803.7,106.73
457,22-Jul-08,11602.5,5364.1,1.9966,4327.26,0.6315,13184.96,106.89
458,23-Jul-08,11632.38,5449.9,1.9967,4408.74,0.6371,13312.93,107.83
459,24-Jul-08,11349.28,5362.3,1.9829,4347.99,0.6381,13603.31,107.63
460,25-Jul-08,11370.69,5352.6,1.9874,4377.18,0.6381,13334.76,107.9
461,28-Jul-08,11131.08,5312.6,1.9912,4324.45,0.6354,13353.78,107.62
462,29-Jul-08,11397.56,5319.2,1.9808,4320.49,0.6412,13159.45,108.19
463,30-Jul-08,11583.69,5420.7,1.9793,4400.55,0.6427,13367.79,108.2
464,31-Jul-08,11378.02,5411.9,1.981,4392.36,0.6409,13376.81,108.07
465,1-Aug-08,11326.32,5354.7,1.9739,4314.34,0.6425,13094.59,107.53
466,4-Aug-08,11284.15,5320.2,1.9657,4280.63,0.6406,12933.18,107.98
467,5-Aug-08,11615.77,5454.5,1.955,4386.35,0.6457,12914.66,108.05
468,6-Aug-08,11656.07,5486.1,1.9508,4448.33,0.6485,13254.89,109.14
469,7-Aug-08,11431.43,5477.5,1.9444,4457.43,0.6504,13124.99,109.59
470,8-Aug-08,11734.32,5489.2,1.9159,4491.85,0.6653,13168.41,110.18
471,11-Aug-08,11782.35,5541.8,1.9176,4538.49,0.6667,13430.91,109.9
472,12-Aug-08,11642.47,5534.5,1.9013,4518.48,0.6707,13303.6,109.73
473,13-Aug-08,11532.96,5448.6,1.8651,4402.97,0.6726,13023.05,108.64
474,14-Aug-08,11615.93,5497.4,1.8752,4420.91,0.6713,12956.8,109.58
475,15-Aug-08,11659.9,5454.8,1.8632,4453.62,0.6809,13019.41,110.45
476,18-Aug-08,11479.39,5450.2,1.8658,4448.84,0.6801,13165.45,110.27
477,19-Aug-08,11348.55,5320.4,1.8621,4332.79,0.6801,12865.05,109.74
478,20-Aug-08,11417.43,5371.8,1.8586,4365.87,0.679,12851.69,109.9
479,21-Aug-08,11430.21,5370.2,1.8761,4304.61,0.672,12752.21,108.26
480,22-Aug-08,11628.06,5505.6,1.8582,4400.45,0.675,12666.04,109.93
481,26-Aug-08,11412.87,5470.7,1.8386,4368.55,0.6826,12778.71,109.84
482,27-Aug-08,11502.51,5528.1,1.8383,4373.08,0.6799,12752.96,109.73
483,28-Aug-08,11715.18,5601.2,1.8292,4461.49,0.6793,12768.25,109.41
484,29-Aug-08,11543.55,5636.6,1.8237,4482.6,0.6793,13072.87,108.52
485,2-Sep-08,11516.92,5620.7,1.7863,4539.07,0.6887,12609.47,108.84
486,3-Sep-08,11532.88,5499.7,1.7764,4447.13,0.6916,12689.59,108.43
487,4-Sep-08,11188.23,5362.1,1.7723,4304.01,0.6954,12557.66,108.09
488,5-Sep-08,11220.96,5240.7,1.7668,4196.66,0.701,12212.23,106.45
489,8-Sep-08,11510.74,5446.3,1.7643,4340.18,0.7039,12624.46,107.97
490,9-Sep-08,11230.73,5415.6,1.7641,4293.34,0.7075,12400.65,107.46
491,10-Sep-08,11268.92,5366.2,1.7552,4283.66,0.7114,12346.63,107.56
492,11-Sep-08,11433.71,5318.4,1.7507,4249.07,0.7182,12102.5,106.52
493,12-Sep-08,11421.99,5416.7,1.7859,4332.66,0.7054,12214.76,107.29
494,16-Sep-08,11059.02,5025.6,1.7743,4087.4,0.7083,11609.72,104.89
495,17-Sep-08,10609.66,4912.4,1.7955,4000.11,0.7046,11749.79,104.75
496,18-Sep-08,11019.69,4880,1.8193,3957.86,0.6956,11489.3,104.88
497,19-Sep-08,11388.44,5311.3,1.8327,4324.87,0.6942,11920.86,106.8
498,22-Sep-08,11015.69,5236.3,1.8441,4223.51,0.6832,12090.59,106.78
499,24-Sep-08,10825.17,5095.6,1.8523,4114.54,0.6819,12115.03,106.03
500,25-Sep-08,11022.06,5197,1.8472,4226.81,0.6817,12006.53,106.42