homw_ownership,income,dti,fico,loan_status
0,25000,27.6,660,0
0,50000,21.51,715,1
1,100000,8.14,770,1
0,75000,1.76,685,0
1,78000,16.11,680,1
0,99000,18.51,660,0
0,85000,6.89,675,1
0,31000,31.86,690,1
1,117000,5.52,680,1
1,20259.2,15.76,710,0
1,215000,10.96,675,1
0,66000,22,775,1
1,45000,9.76,665,1
1,75000,41.62,715,0
0,35000,9.43,765,1
0,46000,29.92,740,1
1,65000,17.74,735,1
1,60000,18.36,790,1
1,112000,14.02,765,1
1,88975,27.71,670,1
1,80000,3.91,670,1
1,72000,28.5,660,1
0,300000,10.15,695,1
1,60000,23.48,675,1
1,93000,24.09,665,1
0,38000,7.14,680,1
1,100000,7.08,720,1
0,37500,19.26,670,1
0,50000,8.24,705,1
1,49600,32.73,665,1
1,30000,25.52,675,0
0,45000,24.19,695,0
1,76000,14.44,665,1
1,72588,24.43,670,1
0,59000,24.45,670,1
0,50000,8.55,665,1
1,76000,13.09,670,1
0,40000,24.15,720,1
1,70000,33.14,725,0
1,75000,7.66,795,1
0,48000,15.53,675,1
1,150000,15.4,710,1
0,30000,25.32,705,1
0,69000,7.39,690,1
1,139000,13.72,670,0
0,32532,28.88,730,1
0,75000,4.62,700,0
0,52500,14.86,660,1
1,200000,12.91,700,0
1,72000,34.32,665,1
1,100000,22,695,1
0,30000,26,695,0
0,60375,13.48,680,1
1,65000,3.4,710,1
1,60000,19.78,690,1
1,70000,16.16,680,0
1,137000,16.21,735,1
0,72000,16.4,730,1
1,93240,14.05,725,1
0,80000,17.1,665,0
0,33000,31.6,735,1
0,36000,14.1,670,1
1,72000,14.65,680,1
1,99000,18.15,760,1
0,54000,15.64,675,1
1,115000,14.87,720,1
0,90000,8.72,710,1
1,98800,23.06,685,0
1,90000,11.42,810,1
1,96700,19.63,675,1
1,84000,20.71,725,1
1,91000,10.3,660,0
1,100000,17.7,665,0
1,60000,24.24,710,1
0,95000,22.21,710,1
0,118000,14.55,670,1
0,325000,7.99,665,1
0,25000,23.52,705,1
0,72000,6.6,805,1
1,84000,10.2,685,1
0,38000,30.16,665,1
1,35334,1.49,680,1
1,72500,24.66,690,1
0,118000,15.1,690,1
0,49000,34.46,690,1
1,59885,30.03,685,0
0,48000,19.32,675,1
1,65000,23.15,670,0
1,93000,24.39,660,1
0,72000,11.4,665,1
1,60500,25.45,660,0
0,43000,28.8,685,1
1,48000,8.88,695,1
0,44241.6,17.82,670,1
1,115000,24.78,770,1
0,36000,29.63,695,0
1,180000,4.86,675,1
1,67000,18.77,680,1
0,65000,28.01,665,1
1,128000,18.1,710,0
0,48000,24.28,660,1
1,100000,22.78,660,1
0,117000,21.38,685,1
1,56000,24.52,720,1
1,56892,25.86,690,0
1,156000,16.02,730,1
0,25000,23.24,785,1
1,60000,16.66,685,1
1,25640,12.17,665,0
1,100000,16.22,790,1
0,26000,18.37,670,0
0,41000,21.75,700,1
1,80000,24.87,715,1
0,69000,26.28,695,1
1,70000,23.76,685,0
1,90000,13.51,740,1
1,73200,3.31,710,1
0,76000,9.84,730,1
1,79164,14.54,735,0
0,75000,31.18,660,1
0,50000,13.47,680,1
0,62000,13.53,705,1
1,100000,35.28,670,0
0,120000,15.25,680,1
1,39000,32.49,690,1
1,130000,12.67,675,0
0,46051,6.39,670,1
1,200000,11.59,680,1
1,41000,17.44,675,1
1,67200,22.64,670,1
1,150000,14.25,680,1
1,100000,19.92,700,1
1,48478,21.56,660,1
0,53000,14.47,680,1
1,75000,24.02,685,1
1,111000,28.98,670,0
0,75000,26.21,700,1
0,69200,17.26,675,1
1,70000,22.41,660,0
0,16000,18.6,680,0
1,50000,19.76,660,0
1,70000,20.61,710,1
1,67000,28.87,710,1
0,60000,4.98,660,1
1,48925,19.08,685,1
0,55000,1.35,685,1
1,42000,18.83,700,0
1,66000,19.82,710,1
1,100000,20.76,720,1
0,134685,16.06,675,1
0,65000,14.68,670,1
1,54000,20.67,690,1
0,45000,17.36,675,0
0,47463,11.05,670,0
1,62000,21.21,710,1
1,72000,12.25,670,1
0,110000,30.56,690,0
0,42000,22.34,695,1
1,47000,34.98,665,1
0,50000,23.24,720,1
0,75000,11.36,695,1
1,35464,34.65,710,1
0,42000,8.63,675,1
1,42500,29.14,670,1
1,62000,6.77,695,1
0,48000,15.82,665,0
0,230000,8.66,665,1
1,50000,23.36,715,0
1,85000,17.18,705,1
1,35000,17.42,730,0
1,35000,12.95,670,1
1,142000,13.3,680,1
0,62000,11.73,665,1
1,94000,31.47,660,0
0,83000,14.03,705,1
1,33000,21.75,660,1
0,54000,26.24,675,1
1,127000,10.94,675,0
1,197000,15.64,710,0
1,50000,3.58,800,1
1,25500,28.75,670,0
1,66000,32.18,685,1
0,60000,15.92,660,1
1,51000,19.72,785,1
0,34000,7.13,705,1
0,55000,17.56,675,1
1,45000,17.68,660,1
1,150000,10.73,715,1
1,48000,7,670,1
0,70000,18.19,715,1
1,115000,6.01,675,1
1,80000,20.16,660,0
0,30000,9.67,665,1
1,127444,14.27,680,1
0,24000,21,685,1
0,85000,8.4,710,1
1,65000,18.94,700,1
0,57000,30.6,675,0
0,130000,4.5,695,1
1,80000,22.92,705,1
0,65000,23.46,710,1
1,102212,17.33,665,0
1,60000,8.08,660,1
1,40000,3.42,685,1
0,40000,17.73,675,0
1,100000,2.4,685,1
1,96000,16.85,700,1
1,78000,12.21,750,1
0,59800,6.31,665,1
1,74612,38.3,695,1
0,42000,11.45,665,1
1,50000,14.69,680,1
1,66000,11.33,660,1
1,48000,23.43,660,1
1,55000,6.42,750,1
1,76000,34.2,675,1
0,78000,29.57,675,0
0,30000,29.52,660,1
0,100000,21.61,710,1
1,62000,17.49,670,1
0,120000,3.84,660,1
1,110000,21.31,675,1
1,110247,12.15,730,1
0,100000,12.72,690,0
0,62000,19.53,660,1
1,120000,14.21,720,1
1,27600,9.35,740,0
0,38000,36.53,665,1
1,75000,19.01,700,1
0,35000,13.17,695,0
1,84000,26.45,685,1
1,49881.6,27.35,685,1
1,144000,23.56,745,1
1,52669.63,20.51,700,1
0,45000,16.8,660,0
0,70000,10.29,685,1
1,105000,17.39,670,1
0,41000,11.77,715,1
1,100000,3.2,750,0
1,65000,28.53,680,0
1,65000,11.87,740,1
0,35000,4.46,665,1
1,33000,6.07,695,0
1,140000,15.16,690,1
1,75000,15.17,665,1
0,35712,23.22,675,1
1,110000,7.43,760,1
1,125000,10.24,665,1
1,146000,4.1,720,1
1,48600,19.53,755,1
1,90000,23.4,660,1
1,42000,5.57,670,0
1,87000,2.97,660,0
1,44000,4.8,695,1
1,145000,24.08,665,1
1,29000,15.52,675,0
1,65000,20,690,1
1,65400,15.94,665,1
0,120000,21.47,740,0
1,36700,22.92,715,0
0,72000,22.08,720,1
1,53500,13.23,700,0
0,42000,22.26,720,1
0,112500,14.4,685,1
1,87000,16.23,695,1
0,41000,24.73,670,0
1,55000,31.96,675,1
1,45000,6.5,665,1
0,60500,22.99,720,1
1,78000,22.23,705,1
1,14000,20.5,705,1
1,63000,20.11,710,1
0,45000,9.09,685,1
0,43680,17.06,680,1
1,65000,17.7,705,1
1,53000,13.09,675,0
1,65000,19.41,660,0
1,165000,24.31,715,0
0,48000,7.05,660,0
0,33500,25.06,670,1
1,255000,30.57,695,1
0,38500,10.72,680,1
1,90000,5.29,705,1
1,51012,10.89,775,1
1,55596,12.76,725,1
1,120000,4.18,735,1
0,105000,1.71,700,1
0,36000,14.03,665,1
0,95000,16.41,660,1
1,68000,11.07,680,0
1,33840,18.49,680,1
1,62000,16.61,680,1
0,38438,30.75,680,1
1,150000,7.4,705,1
0,77653,12.94,670,0
1,151000,33.84,740,1
1,110000,16.58,690,1
1,63000,26.3,675,1
0,30000,10.2,715,1
1,76000,22.92,710,1
1,67000,16.64,670,1
1,75000,37.38,710,1
0,65000,18.21,660,0
1,50000,28.04,690,0
1,105206,19.95,690,1
1,91752,11.25,680,1
1,25000,35.09,665,1
1,55000,12.61,670,1
0,29000,15.36,700,0
1,96000,16.03,680,1
1,40000,29.1,685,1
0,49500,28.78,700,1
0,62500,12.96,720,1
1,50000,10.08,675,0
0,28160.5,18.07,700,1
1,52000,27.81,690,1
0,84000,14.17,680,1
0,33390,25.66,665,1
1,57339,0.42,795,1
1,20000,4.5,765,1
1,68000,23.61,660,1
1,97000,30.84,695,1
0,83000,29.18,690,1
1,70000,15.74,690,1
1,55000,22.87,660,1
1,68000,30.28,675,1
1,78000,4.85,695,1
1,65856,30.38,735,1
1,68500,29.75,760,1
1,85300,18.37,665,1
1,70000,16,675,1
0,39800,3.05,670,1
1,36000,24.77,685,1
1,45760,9.15,670,0
0,11760,6.63,695,1
0,83000,34.31,690,1
0,50000,15.94,670,1
0,48396,28.42,670,0
1,65000,16.56,670,1
0,53200,19.2,675,1
1,30000,20.24,675,1
0,37000,27.77,665,1
0,39000,23.08,770,1
1,120000,20.8,735,1
0,46000,17.78,685,0
0,24000,23.25,745,1
1,81000,14.42,765,1
0,43600,46.08,665,0
1,90000,15.07,690,1
1,290000,18.12,700,0
0,91000,20.86,680,1
1,130000,32.66,675,1
1,68000,0,790,1
1,84400,23.89,695,1
0,43680,32.72,705,1
1,37700,14.16,685,1
1,100000,14.42,710,1
1,66000,28.98,660,1
0,25000,15.79,675,1
1,25320,28.45,700,1
0,70500,27.37,720,1
0,25000,34.47,700,1
1,252000,22.23,720,1
1,14000,22.8,660,1
1,178000,3.07,670,0
0,48160,22.08,695,0
1,56000,26.51,660,1
0,36000,22.13,675,1
1,60000,12.76,665,1
1,90000,11.85,760,1
1,85000,23.79,720,1
1,45000,16.08,710,1
1,264000,9.49,785,1
1,135000,28.66,705,1
1,49000,18.47,660,1
1,130000,20.83,670,1
1,65000,18.55,775,1
0,70000,27.14,750,0
1,47000,21.02,680,0
1,104000,13.18,730,1
0,34000,18.91,670,1
0,58000,23.96,685,0
0,47000,32.79,770,1
0,50000,23.31,685,0
1,54000,21.02,705,1
0,84000,18.56,720,1
0,100000,9.14,745,0
1,91200,23.61,670,1
1,65000,21.98,685,0
0,50000,22.71,730,1
1,45000,22.64,710,1
1,60000,5.38,660,1
0,47000,10.39,665,1
0,69000,19.98,675,0
0,80000,24.38,740,1
1,55000,15.19,690,0
0,65000,25.4,685,1
1,50004,11.9,740,1
1,35000,10.42,685,1
1,72285,21.77,705,1
0,52000,15.39,670,1
0,130000,12.77,675,0
1,65210,30.66,690,0
1,230000,12.88,675,1
1,50000,13.35,660,0
0,85000,20.63,660,0
0,75000,18.03,665,1
1,120000,4.74,720,1
0,92000,14.21,680,1
0,38000,22.84,670,1
0,52000,15.09,675,1
0,80000,16.83,700,1
0,67300,7.81,675,1
0,50000,9.41,680,1
1,190000,14.63,705,1
1,95000,18.62,670,1
0,45000,20.56,660,0
0,92000,9.61,660,1
1,80000,24.9,670,1
1,96000,14.87,680,1
0,60000,10.83,680,1
0,55000,10.45,680,1
1,75000,25.12,665,1
1,65000,5.71,660,0
1,39140,8.86,685,1
0,39000,27.08,660,0
1,34872,0,715,1
1,97000,10.77,675,1
0,60000,23.7,690,1
0,67000,9.61,700,1
0,119000,15.03,680,1
1,45000,25.92,675,1
1,118000,11.1,705,1
1,40000,27.81,665,1
0,118000,28.81,680,0
1,119600,8.5,695,1
1,25000,33.7,665,1
1,150061,10.45,660,1
0,23920,6.72,690,0
1,29744,20.54,665,1
1,31800,14.91,675,1
1,122000,12.18,740,1
0,90000,2.63,675,0
1,40000,10.3,660,1
0,47500,13.83,695,1
1,30000,23.32,675,1
0,44500,21.06,705,1
1,75400,28.55,725,1
1,48000,18.48,740,1
1,95000,23.17,705,1
1,40000,33.87,710,1
1,66000,17.85,705,1
0,51000,9.76,725,0
0,61100,20.78,765,1
1,73769,11.13,670,1
1,60000,26.72,675,1
1,70000,15.05,670,0
0,85000,24.51,680,1
1,120000,19.54,665,1
1,75000,22.72,670,1
0,235000,21.81,695,0
0,40000,21.12,665,1
1,123000,24.25,700,1
0,120000,10.09,660,1
1,80000,12.35,690,1
1,122400,20.49,710,1
1,110000,15.09,735,1
1,53000,22.42,740,1
1,70000,29.09,690,1
1,60000,17.1,660,1
1,56000,22.89,665,1
0,36000,15.23,680,1
1,50000,3.86,670,1
1,43500,14.21,695,1
1,40900,21.77,705,1
1,106000,7.44,665,1
1,98400,12.93,755,1
0,79000,20.46,690,1
0,43000,25.37,735,1
1,35000,13.51,700,1
1,74000,1.38,785,1
1,120000,7.97,730,1
1,50000,30.84,690,1
1,200000,12.02,740,1
1,78000,10.96,720,1
1,86000,9.45,700,0
1,68000,18.17,690,1
1,100000,12.88,685,0
1,192000,8.88,680,1
0,36400,22.48,720,1
1,85000,16.72,720,1
1,75000,11.46,700,0
1,60000,16.7,675,1
0,32000,19.32,690,0
0,50000,18.41,665,1
0,53000,12.95,675,1
0,28000,26.14,665,0
1,51000,15.88,705,0
1,61000,33.29,715,1
1,200000,4.18,735,0
0,55000,39.43,680,0
1,92000,17.02,695,1
1,75600,10.11,740,1
1,362500,10.36,720,1
0,65000,6.39,660,1
0,37000,23.45,745,1
0,75000,5.93,685,0
0,30000,32.8,695,1
1,91000,6.86,690,1
1,54000,7.49,715,1
1,200000,7.92,685,1
0,28500,21.73,700,1
1,35000,17.52,670,1
1,100000,7.33,675,1
1,83000,12.42,695,1
1,45000,17.63,690,1
0,65000,14.79,685,1
0,65000,21.25,660,0
0,103000,24.79,675,0
0,32186,22.67,680,0
0,70000,26.06,715,1
0,56420,11.95,720,0
0,36000,14.8,715,0
0,140000,24.56,675,1
1,45800,22.38,800,1
1,59000,33.97,675,1
0,125000,6.71,755,0
1,65000,21.62,705,1
1,84000,14.04,665,0
0,38000,13.87,665,0
1,125000,16.82,725,1
0,55000,28.19,685,0
1,80000,24.84,700,1
0,100000,33.03,680,0
1,40000,6.42,680,0
1,55000,34.5,745,1
1,56000,19.49,740,1
1,135000,10.74,685,0
1,40000,9.27,670,1
1,42000,6.2,685,1
1,108000,19.67,690,0
1,100000,25.43,690,1
0,70000,17.37,685,1
1,130000,15.79,685,1
0,49000,14.23,660,1
1,65000,28.4,710,1
0,100000,20.95,760,0
0,57000,21.53,695,1
0,70000,13.85,690,1
0,30000,10.72,670,1
0,40000,15.18,685,1
0,40000,19.29,700,1
1,65000,15.88,660,1
1,46500,29.37,700,1
0,30000,14.8,690,0
1,54000,26.82,675,0
1,51048,12.39,665,1
1,120000,10.53,705,1
0,51000,19.04,685,1
1,180000,10.28,705,1
0,88000,27.63,700,1
0,37000,29.48,725,1
1,100000,11.23,745,1
1,65000,28.18,665,1
1,102000,7.92,690,1
0,34000,16.27,685,1
1,65000,25.72,700,1
1,160000,21.97,695,1
0,40000,10.41,660,0
1,95000,16.27,775,1
1,10000,9,665,0
0,52000,31.69,690,0
1,125000,14.49,710,1
1,67000,28.86,685,0
0,50000,12.48,695,1
0,40704,16.83,660,1
1,49000,19.13,690,1
1,100000,11.42,810,1
1,120000,18.55,685,1
1,67931,14.06,730,1
1,48000,26.98,685,1
1,60000,23.28,720,1
1,115000,16.41,660,1
1,52000,22.48,685,1
1,55000,30.85,690,1
1,52000,19.34,690,1
1,42000,38.97,705,1
1,100000,30.58,720,0
1,44648,24.49,700,1
1,50000,20.52,670,0
0,60000,21.84,720,1
1,65000,20.62,670,1
0,42000,20.29,660,0
0,105000,10.19,700,1
1,75000,36.98,690,1
0,85000,20.57,675,0
1,43000,23.44,680,1
1,31000,25.44,675,0
1,20000,31.75,675,1
0,38000,10.08,670,1
1,110000,24.98,715,1
1,100000,11.36,665,1
1,50000,15.67,670,1
1,101000,9.53,715,1
1,80000,22.44,680,1
0,70000,14.73,675,1
1,67183.52,8.02,685,0
1,29000,18.63,665,1
1,77000,22.96,685,1
0,72000,15.61,685,1
1,121000,0.25,775,1
1,43200,8.72,690,1
1,60000,9.68,725,1
0,40000,24.27,685,1
1,75000,37.84,690,1
1,175000,16.37,715,1
0,36000,27.79,675,1
1,89000,12.77,795,1
0,86940,13.76,785,1
1,70000,25.13,680,0
0,40000,14.88,660,1
1,104236,9.3,675,1
0,40000,22.65,685,0
1,26000,20.78,725,0
0,75000,8.1,670,1
0,98500,11.76,685,1
0,32000,29.63,700,1
0,54000,14.32,670,1
0,31000,17.23,695,0
0,57000,0.19,755,1
1,55300,15.08,740,1
1,260000,13.1,720,1
1,160000,7.19,735,1
1,65000,25.72,745,1
1,160000,7.37,695,1
1,65000,24.7,695,1
1,32500,18.28,725,1
1,55000,19.51,765,1
1,76000,13.31,735,1
0,50000,20.55,685,0
1,50000,8.59,710,1
0,85000,19.55,685,1
0,32000,6.49,680,1
0,90000,9.07,680,1
1,92000,8.67,680,1
0,63150,22.14,735,1
0,55000,21.15,740,1
1,108000,15.84,735,1
0,126000,14.24,680,1
1,95000,32.54,665,1
1,90000,12.37,710,0
1,35000,25.33,670,1
0,30000,5.72,685,1
1,75000,2.68,675,1
0,56000,21.17,675,1
1,80000,19.68,665,1
0,40000,22.17,705,1
1,169000,21.42,685,1
1,46000,20.04,660,0
1,80000,18.15,690,1
1,85000,25.77,675,1
1,27000,17.64,685,1
1,70000,24.38,690,0
1,95000,26.96,680,1
1,74880,12.32,670,1
0,30000,10.88,695,1
1,32000,31.96,670,1
1,50000,31.37,670,1
0,30000,8.68,665,1
1,90000,31.33,715,1
1,54324,28.85,685,0
1,90000,25.88,705,1
0,42000,15.47,660,1
1,122500,26.17,740,1
1,37500,23.52,720,1
1,95500,5.74,685,1
1,10000,15.37,715,1
1,53000,17,660,1
1,46500,18.66,725,1
1,53000,22.92,685,1
1,38000,17.43,710,1
0,75000,24.01,715,1
1,30000,2.36,775,1
0,50000,32.74,665,1
0,60000,17.44,690,1
1,52000,8.86,670,0
0,44800,24,675,0
1,60000,13.28,670,1
1,66000,30.56,660,1
1,80000,14.73,690,1
1,103500,0.87,695,1
1,82154,23.28,740,1
1,74000,4.09,665,1
1,55000,19.53,660,0
1,46000,24.5,740,1
1,47000,16.93,695,1
1,99000,7.67,765,1
0,106581.14,12.57,695,1
1,120000,19.81,665,0
1,50000,24.15,705,1
1,54000,23.04,670,1
1,57000,22.53,670,1
1,62000,15.01,675,1
1,50000,17.76,695,1
1,104000,10.27,765,0
1,65000,3.23,750,1
0,70000,16.85,665,1
1,58000,18.93,670,1
1,124000,2.84,725,1
1,100000,24.47,685,1
0,34000,28.59,660,0
1,75000,12.16,675,1
0,30000,12.96,675,1
0,35000,27.16,725,1
1,68000,17.83,705,1
1,16584,20.69,695,0
0,29390.4,27.15,670,1
1,60000,24.88,670,0
1,82000,7.46,670,1
0,33280,29.19,675,0
1,112000,22.97,765,1
1,225000,18.66,685,1
1,127000,24.06,710,1
0,43000,4.72,685,1
0,70000,17.19,670,1
1,60000,14.8,715,1
0,24000,34.3,695,1
1,24000,5.35,680,1
0,36000,6.9,690,0
0,113000,6.84,765,1
1,250000,9.78,710,1
0,45000,14.05,665,1
1,74000,20.58,665,1
1,65000,15.42,665,1
0,160000,12.42,695,1
1,171000,4.62,740,1
1,180000,21.07,695,1
1,144000,8.3,660,1
0,52000,40.57,690,1
1,50000,24.15,720,1
1,100000,10.98,665,1
1,63500,15.38,685,1
1,56000,20.42,710,1
0,84000,13.9,695,0
0,50000,20.45,735,1
1,43000,30.14,695,0
1,125000,25.14,695,1
1,89000,33.09,685,1
1,81000,9.33,665,1
0,40000,19.17,705,1
1,200000,11.72,730,1
1,26000,35.23,720,1
1,40000,10.11,695,1
1,50700,18.63,705,1
1,74400,21.82,660,1
1,145000,11.97,660,1
1,70000,11.01,685,1
0,107000,10.09,705,1
0,139000,16.7,670,1
1,55000,16.12,670,1
1,89412,19,695,1
1,80000,27.59,660,1
1,90000,22.61,710,1
0,50400,20.05,710,1
0,45000,14.88,715,1
1,35000,26.43,675,1
0,75000,24.85,760,1
0,85000,11.24,700,1
1,45000,9.82,695,1
1,110000,13.69,685,1
1,60000,13.94,690,0
0,62500,19.09,760,1
1,540000,3.04,680,1
0,53000,19.75,675,1
1,95000,9.61,690,1
1,100000,36.16,675,0
1,68000,29.05,695,1
1,49000,26.52,715,0
1,160000,12.02,725,1
0,36932,29.31,670,0
1,65000,28.05,705,0
1,103000,9.93,710,1
1,35000,11.47,720,0
1,45000,23.95,730,1
0,62000,16.65,705,1
1,45760,33.25,685,1
1,93000,27.84,695,1
1,62000,24.7,695,1
1,76000,15.13,710,1
1,96000,27.13,735,1
1,65000,19.66,685,1
1,69000,19.55,710,1
0,110000,39.94,705,1
1,135000,18.45,705,1
1,48000,10.9,800,1
1,24000,24.8,720,1
1,66000,29.07,665,1
1,38000,39.1,660,1
0,32000,16.62,735,1
0,40000,26.62,690,1
1,75000,6.74,670,1
0,142000,12.94,700,1
0,47000,6.08,705,1
1,75000,20.59,690,1
0,81000,14.55,680,1
1,300000,17.06,690,1
0,101900,8.44,670,0
1,56000,18.88,660,1
1,70000,14.09,665,1
0,43000,7.28,705,1
0,28000,15.22,715,0
1,89000,20.22,695,1
0,70000,25.24,700,0
0,125000,13.15,695,1
1,50000,4.85,685,1
1,80000,9.17,730,1
1,40000,9.3,665,1
1,57000,20.71,695,1
1,145000,24.11,715,1
1,200000,7.6,695,0
1,91000,23.42,680,1
0,53000,23.01,710,1
1,280000,10.44,685,1
1,130000,10.9,690,0
1,85000,27.06,695,1
1,115000,3.69,720,1
1,260000,15.6,690,1
1,120000,4.39,750,1
0,61000,8.97,705,1
1,43180,1.81,730,1
0,80000,21.99,665,1
0,42000,20,665,1
1,90000,9.25,665,1
1,123000,13.61,775,1
1,65000,26.14,670,1
1,43450,18.53,665,1
1,85000,20.6,740,0
1,79000,16.51,715,1
0,50000,25.61,715,1
0,55000,30.14,750,1
1,41000,8.26,670,1
1,74454,19.95,665,1
0,22822.92,21.73,710,0
1,95000,13.17,725,1
1,110000,2.26,680,1
1,40000,8.31,775,1
0,55000,14.55,660,1
1,91000,12.98,715,1
0,80000,21.84,695,1
1,23000,3.52,690,1
1,90000,15.51,695,0
1,65000,11.45,685,1
0,85000,9.37,700,1
1,55000,34.21,715,0
0,56000,14.27,690,0
1,60000,25.44,660,1
1,70000,26.47,725,1
0,36000,18.87,705,1
0,150000,12.56,680,0
1,28800,16.21,695,1
1,95000,24.56,690,1
0,35000,6.45,670,1
1,100000,17.89,735,1
1,49000,20.99,690,1
0,25000,26.93,715,1
1,36000,36.5,780,1
0,70000,20.66,665,0
1,45000,14.53,670,0
1,52000,18.84,710,0
1,55000,12.96,680,1
1,71000,14.44,660,1
0,40000,14.06,770,1
0,70000,24.77,660,0
1,26500,28.85,665,1
1,63000,18.75,675,0
1,30000,24.32,665,1
1,33741,31.13,725,1
1,160000,7.22,680,0
0,64000,17.63,670,1
1,80000,17.7,675,0
1,40000,17.85,665,1
1,40372.8,31.69,695,1
0,70000,11.38,695,0
1,69000,21.6,715,1
1,26200,27.3,685,1
1,90000,24.19,670,0
0,130000,13.29,660,1
1,158100,9.18,750,1
1,42000,38.66,675,0
1,95000,20.5,720,1
0,82300,20.6,675,1
0,145500,26.09,660,1
0,59000,34.35,750,1
1,109872,7.73,755,1
1,24000,33.6,690,1
1,60000,13.86,690,1
1,63600,22.09,755,1
1,60000,29.92,715,1
1,30000,26.56,680,1
0,25258,23.57,680,1
0,55000,7.23,710,1
0,38400,19.81,695,1
0,49650,7.35,680,1
0,91000,20.42,725,1
1,70200,26.21,670,1
0,65000,28.38,665,0
1,30000,3.4,670,1
0,52000,15.19,700,1
1,91500,18.96,695,1
1,130000,5.33,760,1
1,62900,25.15,715,1
1,75000,23.6,685,1
1,75000,19.7,690,1
1,36000,36.2,660,0
1,100000,9.38,715,1
1,36000,38.03,675,0
1,47000,18.64,685,0
1,75920,12.25,680,1
0,80000,26.78,660,0
0,80000,29.62,675,0
0,54263,12.38,670,1
1,70000,3.27,670,1
0,55000,20.75,675,0
1,135000,19.5,695,1
1,118000,14.73,680,1
0,44000,27.09,660,1
0,94939,17.15,670,1
1,60000,6.18,700,1
0,48000,24.6,715,1
1,38000,15.45,665,1
1,69600,23.64,710,1
1,83000,28.2,750,1
0,56000,23.38,700,1
1,65000,16.23,675,1
0,28500,16.67,675,0
0,50000,2.54,740,1
1,120000,19.76,745,0
0,75000,10.66,660,1
1,48600,7.75,665,1
1,23964,10.72,780,1
0,72000,22.57,715,1
1,80000,11.01,750,1
1,170000,15.76,695,1
1,55000,11.5,660,1
1,51000,13.84,680,1
1,30000,10.97,750,1
1,66000,17.67,685,1
0,85000,24.07,715,1
1,75000,5.42,665,1
0,38937,9.68,660,0
1,47000,15.76,665,1
1,98500,4.24,665,1
1,80000,11.75,665,1
1,90000,11.71,695,1
0,70000,11.66,670,1
1,85000,15.6,665,1
0,37604,23.11,700,1
1,64000,34.71,665,1
1,130000,16.84,695,1
1,68000,8.19,770,1
1,60000,24.88,665,0
0,210000,10.99,675,1
0,38000,17.12,685,0
0,36000,23.37,715,1
1,105000,5.28,765,1
0,22000,28.81,680,1
1,132000,30.98,660,0
1,130000,26.9,685,0
1,60000,18.18,790,1
0,32500,15.99,755,1
0,40000,14.07,665,0
1,100000,21.07,675,1
0,70000,22.22,720,1
1,60000,25.96,680,1
0,50000,19.4,680,1
1,80000,5.24,660,0
1,57000,21.8,660,0
0,80340,14.5,660,1
1,50000,18.98,760,1
1,55000,29.87,665,0
1,43500,27.31,705,1
1,54000,17.11,665,0
0,85000,23.98,685,1
1,126887,16.24,715,1
1,56000,10.99,725,0
0,58000,25.33,705,1
0,105000,10.62,670,0
1,62000,9.72,675,0
1,70000,21.57,730,1
1,98000,16.5,690,1
0,66000,16.13,685,1
0,54264,14.77,710,1
0,55000,15.14,665,1
0,100000,20.32,785,1
1,50000,15.46,665,0
1,99670,15.12,660,1
1,108000,27.43,685,0
1,81000,22.53,705,1
1,68000,14.17,675,1
1,150000,24.03,670,0
0,32172,22.86,665,1
0,120000,20.13,665,1
1,30000,14.44,760,1
1,225000,8.25,700,1
1,80000,12.54,820,1
1,110000,15.82,660,1
1,86000,14,670,1
1,55000,14.03,705,1
1,45000,10.29,700,1
1,100000,20.41,665,1
1,64200,27.94,660,1
1,48000,20.35,705,1
1,120000,14.13,670,1
1,33000,29.34,670,0
1,75000,13.25,695,1
1,31000,13.3,660,1
0,70000,19.89,665,1
1,48000,25.29,770,1
1,40000,20.28,675,1
1,72000,19.78,660,1
0,120000,20.62,710,1
0,16584,27.5,685,1
1,40000,19.23,695,1
1,44000,29.02,715,1
0,60000,7.08,690,1
1,34000,33.49,705,1
1,65000,27,770,1
0,42000,16.86,660,0
0,125000,6.99,690,1
1,75000,17.31,735,1
0,290000,10.11,685,1
1,60000,15.54,715,1
1,41000,10.01,685,1
1,70000,21.52,665,0
1,45000,11.22,665,0
1,19000,20.72,685,1
0,66000,10.89,710,1
1,70702.8,14.43,705,0
0,65000,5.61,660,1
1,71000,23.07,690,1
0,50000,8.04,700,1
1,155000,25.31,710,1
0,55000,17.91,675,1
1,40000,22.05,745,1
1,62000,25.9,705,1
1,92000,20.99,670,1
1,68000,23.4,680,1
0,83200,20.16,670,1
1,80000,8.81,690,1
1,60000,19.46,685,0
0,42000,8.46,710,1
0,40000,9.6,690,1
0,27500,7.9,660,1
0,70000,10.03,675,1
1,130000,11.18,660,1
1,55000,20.05,680,1
0,200000,6.77,775,1
0,52000,30.17,675,1
1,110000,8.38,710,1
1,76000,27.18,690,1
0,55000,18.35,680,0
1,96000,12.24,690,1
0,73000,10.21,730,1
1,93000,24.75,760,1
1,55000,32.05,665,0
1,80000,17.99,660,1
0,65000,20.62,690,1
1,134000,6.32,705,1
1,105000,24.11,670,1
1,125000,14.12,700,1
1,60000,31.29,765,1
1,140000,19.86,660,0
1,49000,9.18,755,1
1,128973,20,730,0
1,65000,30.04,710,1
0,48400,22.29,680,0
1,45996,11.3,745,1
0,31000,33.88,705,1
1,63000,16.66,660,0
0,50000,23.72,660,1
1,32500,4.87,680,0
0,15600,12.08,680,1
1,25000,30.24,730,1
1,170000,9.59,680,1
0,185981,19.34,665,1
1,35000,11.99,675,1
1,140000,15.92,725,1
0,28200.96,20.17,680,1
1,10400,15.01,735,0
1,78000,17.34,665,1
1,52000,24.23,680,1
0,70000,23.1,665,1
0,130000,10.86,715,1
0,54044,9.26,700,0
0,35000,11.97,780,1
1,25000,15.5,700,1
0,90000,9.01,660,1
0,98000,13.63,685,1
1,75000,19.55,705,1
1,74000,14.56,765,1
1,350000,3.37,700,1
1,45000,8.56,665,1
1,129996,9.1,690,1
1,48000,5.85,740,1
0,60000,46.98,685,1
1,37000,23.81,695,1
0,42000,9.2,660,1
1,62000,27.02,695,0
0,94000,8.36,710,1
1,44284.68,30.17,700,1
1,80000,7.2,720,1
0,70000,6,680,1
1,65000,21.51,675,1
1,79000,21.05,740,0
1,230000,13.91,715,1
1,74000,16.84,715,1
0,23579.6,22.16,675,1
1,27000,27.42,690,1
0,117000,23.84,695,1
1,35000,14.75,695,0
1,63000,22.82,745,1
0,39634,34.8,660,1
1,40000,17.64,665,1
1,86000,15.82,660,1
0,42000,2.26,680,1
0,46500,13.29,675,1
1,67068,33.55,705,1
1,36000,27.9,660,0
1,101000,30.32,670,1
1,120000,6.36,685,1
1,65000,28.27,660,0
0,44064,19.04,755,1
0,45000,22.37,670,1
1,33500,17.34,715,1
0,87500,4.44,680,1
0,37000,31.43,705,1
1,75566.4,15.88,715,1
1,84000,6.7,675,0
1,60000,6.81,745,1
1,67197,16.86,685,1
1,50000,10.58,665,1
0,84000,17.13,665,1
1,55000,16.84,675,1
1,185000,14.89,695,1
1,70000,18.96,680,0
0,80000,10.54,695,1
1,60000,29.32,690,1
1,45000,7.07,685,1
0,29120,24.9,665,1
1,100000,19.75,665,1
1,113568,29.74,685,1
1,67820,20,745,1
0,91000,13.07,680,1
1,82000,11.47,700,1
1,75000,11.03,735,1
0,140000,1.59,665,1
1,144960,15.03,680,1
1,114000,25.17,690,0
1,75000,13.55,675,1
1,111384,32.9,715,1
0,48000,21.48,705,1
1,78000,24.56,680,1
0,12900,9.77,710,1
0,108000,5.27,695,1
0,55000,14.86,695,1
0,102000,11.35,725,0
1,69423,27.01,675,1
1,300000,8.16,725,1
1,76000,13.56,680,0
1,33000,18.44,665,1
0,63000,27.09,705,1
0,54236,31.49,690,1
0,60000,14.86,710,1
0,64000,27.47,670,0
1,45020,28.77,695,0
0,55000,23.72,690,0
0,46000,30.48,665,1
1,46000,16.1,775,1
1,54000,10.61,670,1
1,98000,19.34,765,1
1,71134,33.27,690,1
0,45000,25.44,670,0
1,140000,8.49,670,1
0,60000,15.62,680,0
0,84000,10.72,665,1
0,60000,24.34,660,1
0,44000,26.02,665,1
1,56000,23.53,675,1
1,84899,26.79,695,0
1,56000,15.71,705,1
1,70000,16.28,675,1
1,65000,16.04,725,1
0,75000,30.35,720,1
1,47000,33.96,665,0
1,105000,15.57,665,1
1,170000,11.76,720,1
1,90000,14.5,695,1
1,60000,9.52,705,1
1,57000,30.72,660,0
0,48000,24.45,690,0
1,70000,19.3,700,1
1,68000,17.17,680,1
0,65000,15.21,665,0
0,26400,24,685,0
0,52700,21.86,680,1
1,85000,21.26,690,1
1,105000,6.13,740,1
0,36899,6.73,700,1
1,65000,19.77,695,1
1,69000,14.45,665,1
1,55000,14.44,700,1
1,40000,14.43,670,0
0,60000,4.7,660,1
1,47840,12.12,685,1
1,34560,16.15,670,0
1,40000,10.83,820,1
1,78000,25.54,660,0
1,40000,14.52,670,1
0,52000,25.09,705,1
1,88000,16.71,660,1
1,64000,17.23,720,0
1,37000,23,670,1
1,110000,20.93,700,0
1,90000,6.23,720,1
0,78000,7.49,665,1
1,62000,13.69,675,1
1,37500,33.95,660,1
0,134600,10.44,690,1
1,120446,10.47,700,1
0,40000,31.59,695,1
0,50000,1.44,780,1
1,20000,36.25,665,0
1,75548,8.85,680,1
1,60000,8.52,750,1
1,52000,17.75,705,1
0,85000,15.78,705,0
1,75000,14.78,735,1
1,100000,28.45,720,1
1,65960,30.8,755,1
1,105000,30.87,680,0
0,86004,21.1,685,1
0,42000,21.2,725,1
0,25200,6.05,760,1
1,55000,16.76,700,1
0,49500,0.61,765,1
1,152000,6.64,755,1
0,63000,10.88,680,1
1,52000,33.6,695,0
1,37250,18.91,720,1
1,62000,19.03,730,1
1,37158.24,54.46,740,1
1,82500,21.44,680,1
0,58000,37.09,735,1
1,40000,15.75,675,1
1,82000,31.68,705,1
0,80000,33.09,665,0
0,55000,22.87,680,1
1,55000,9.47,675,1
1,60000,14.7,680,1
0,75000,23.65,660,0
0,100000,9.19,680,1
1,62000,34.22,680,1
1,110000,20.7,685,1
1,60000,31.08,735,1
1,47300,4.82,765,1
1,160000,2.18,695,1
0,57867,24.74,660,1
1,40000,28.62,690,0
0,26000,23.58,675,0
0,40400,28.79,715,0
1,93000,14.63,660,1
1,46800,16.85,665,1
0,26000,13.34,670,1
0,55000,18.61,660,1
1,78000,6.28,720,0
1,68598,31.53,665,1
1,85000,6.68,680,1
1,170000,16.54,750,1
1,89000,19.42,675,0
1,130000,13.98,710,0
1,85000,31.15,670,0
1,84000,7.83,665,1
1,202000,4.32,660,0
1,50000,20.92,725,1
1,435000,7.72,730,1
0,98800,27.64,745,1
1,45000,30.61,700,0
0,145000,10.01,670,1
1,78000,21.89,675,1
0,43500,22.95,685,1
0,86000,18.28,665,0
1,33000,24.44,795,1
0,50000,27.02,720,1
1,210000,4.53,755,1
0,125000,13.6,700,1
0,76000,23.1,760,1
0,36000,4.73,660,0
1,48000,15.7,690,1
1,159996,4.77,725,1
0,62000,29.89,675,1
1,82000,20.23,665,0
1,159000,6.24,680,1
0,28000,24.43,660,1
1,51630,39.05,730,1
1,50000,14.07,740,1
1,60000,36.12,680,0
0,64000,13.8,660,1
1,32400,11.11,785,1
0,110000,7.2,680,0
1,95000,19.57,725,1
1,65000,16.88,755,1
1,90000,14.27,800,1
1,50000,13.49,720,1
1,85000,5.41,755,1
0,25000,6.77,660,0
1,110000,12.73,715,1
1,114900,21.03,675,1
1,75000,17.12,695,1
0,50000,15.7,660,1
1,63000,23.31,800,1
0,50000,6.53,670,1
1,97000,10.94,680,1
1,65000,9.6,670,1
1,90000,12.32,735,1
0,27840,29.57,670,0
1,36000,0.33,660,1
1,125000,25.54,755,0
0,67000,16.08,665,1
1,70200,16.32,735,1
1,84000,14.21,670,1
1,64000,3.96,685,1
0,115000,19.14,710,1
1,68000,15.04,660,1
1,50000,17.55,660,1
1,41000,11.59,670,1
0,40000,31.77,675,0
0,35000,24.34,695,1
0,115000,12.73,705,1
0,42000,29.89,690,1
0,103860,20.06,710,1
0,65000,10.14,670,1
1,26000,23.12,665,1
1,109000,9.47,660,0
0,149653,10.47,730,1
1,50000,22.58,660,1
0,74000,13.69,720,1
1,38000,24.07,675,1
1,300000,5.44,795,1
1,116000,7.59,760,1
1,86790,14.88,755,1
0,150000,4.74,735,1
1,40000,32.55,735,1
1,40000,15.69,675,1
1,145000,6.41,755,1
1,100000,6.12,770,1
0,98000,14.91,720,1
1,93000,19.12,695,1
1,57000,17.33,695,1
1,30000,27.8,685,0
1,165000,28.57,660,1
1,54000,34.91,695,1
1,65000,22.51,710,0
1,86000,15.92,705,1
0,38000,19.17,685,1
0,67000,29.86,675,0
1,41836.2,23.18,680,1
1,180000,11.01,660,0
0,45000,34,725,0
0,35000,18.38,715,1
1,109000,13.8,685,1
1,65820,20.49,710,1
1,65000,24.91,735,1
1,180000,11.16,740,1
1,100000,16.62,715,1
1,102000,15.72,695,1
1,51892,34.02,660,0
1,49000,17.93,690,1
1,112000,12.75,665,1
0,42000,7.37,685,1
0,78000,25.11,680,1
1,75000,29.67,700,1
0,51000,6.75,695,1
1,70000,6.17,670,1
1,46000,22.12,715,1
1,68000,15.51,660,1
1,80000,14.93,665,0
0,45000,17.15,660,1
1,80000,17.55,660,1
1,28000,30.82,725,1
1,121000,12.66,680,1
1,65000,9.19,660,0
1,55000,6.96,790,1
1,60000,16.5,690,1
1,55000,18,700,1
0,75000,13.58,695,0
1,101000,13.63,725,1
1,120000,24.88,710,1
0,35000,33.09,705,1
0,42504,18.15,720,1
1,100000,8.28,675,1
1,117000,10.22,790,1
0,75000,6.99,675,0
1,62000,26.5,660,1
1,44000,7.99,665,1
0,66000,10.24,665,1
0,24000,15.45,680,1
1,85600,24.98,675,0
1,72000,9.87,695,1
1,85600,5.85,685,1
1,60000,22.4,685,1
0,62000,9.19,670,1
1,84000,28.32,695,1
0,90892,26.55,665,1
0,300000,8.6,715,0
0,75000,13.26,660,1
1,38000,27.2,715,1
1,130000,17.44,695,1
0,40000,32.37,690,1
0,40000,24.27,670,1
1,45865,5.97,735,0
1,73691.2,17.92,725,1
0,38400,26,720,0
0,30000,9.04,675,0
0,36000,27.1,675,0
0,70000,16.77,735,1
0,75000,18.86,715,1
1,26000,19.39,680,1
0,54000,31.22,685,1
0,35000,6.24,675,1
1,88000,15.72,725,1
1,85000,0.89,815,1
1,57000,28.69,700,1
1,50000,24.42,670,1
1,70000,23.14,780,1
1,70000,19.15,695,1
1,90000,22.09,670,0
0,36300,18.41,675,1
0,63000,10.23,740,1
1,100000,16.71,695,1
1,43000,13.2,715,1
1,118000,9.11,790,1
1,60000,19.48,715,1
0,56380,13.07,690,1
0,48000,18.25,675,1
1,75000,11.98,720,1
1,40500,17.13,730,1
1,56000,4.2,775,1
1,23520,10.77,715,1
1,75000,16.06,720,1
1,60000,22.27,725,1
1,60000,11.04,705,1
0,90000,13.47,670,1
1,60000,10.4,705,1
1,55000,20.21,670,1
0,78000,16.51,670,1
0,53500,4.87,685,0
1,34320,11.15,685,1
0,76000,0.24,675,1
0,102000,19.47,675,1
0,54000,25.73,680,1
1,37000,18.46,735,0
1,36000,25.83,690,0
1,350000,16.15,745,1
0,75000,31.46,750,1
1,32000,21.6,685,1
1,85000,20.71,660,1
1,84000,1.89,665,1
1,110000,9.02,750,1
1,105000,8.45,820,1
1,36293,30.55,740,1
1,20000,10.14,660,0
1,85000,23.68,695,1
0,20000,22.93,680,0
1,90000,8.53,665,1
0,47000,16.62,710,1
0,25000,16.61,665,1
1,26000,19.94,660,0
1,59000,14.67,675,1
1,100000,32.1,675,0
1,69000,3.06,660,1
1,98100,0.98,690,1
0,84000,9.56,690,1
1,68000,22.2,685,1
0,38696.4,3.72,710,1
0,50000,33.44,705,1
1,84000,6.67,660,1
1,55000,18.72,680,1
1,50000,8.21,660,1
0,45000,24.64,720,1
0,68000,33.67,690,1
0,48000,13.37,700,0
1,85000,19.13,680,1
1,11000,24.98,725,1
1,65728,8.42,740,1
0,57000,17.1,660,1
1,54000,11.4,690,1
1,50000,15.96,700,0
1,64000,18.92,690,1
1,60000,26.22,700,0
0,135000,13.3,670,1
1,152500,16.34,685,1
1,115000,9.41,675,1
0,26312,29.15,670,1
1,61000,20.62,660,0
0,30000,2.12,695,1
0,70000,24.66,695,1
1,30000,25.4,695,1
1,72000,26.58,765,1
1,53000,10.62,700,1
1,31000,22.45,685,1
1,104000,12.67,675,1
1,85000,29.07,665,0
1,60000,24.5,695,0
1,42000,20.63,690,1
0,58000,28.44,680,1
1,60000,16.81,695,1
1,70000,15.84,665,1
1,105000,20.05,695,1
1,87000,6.61,675,1
1,85000,18.06,795,0
0,29000,22.75,695,1
0,85000,21.83,680,0
1,125000,6.65,665,1
0,73900,26.52,735,1
1,60000,10.32,820,1
1,95000,27.27,670,0
1,75000,22.98,690,1
0,73400,13.55,680,0
1,96000,20.44,670,1
0,110000,16.35,700,1
0,44000,32.17,710,1
1,98600,11.61,690,1
1,62548,14.83,690,1
1,77000,19.51,670,0
1,64000,8.89,670,1
0,32000,15.94,670,0
0,55000,2.95,790,1
0,150000,17.4,690,1
0,42000,10.43,660,0
0,38376,23.08,720,1
1,45700,22.3,660,0
1,52000,24.37,695,1
1,101000,16.2,660,0
1,35000,5.25,700,1
1,73737,13.85,705,1
0,102000,15.81,735,1
1,65000,26.2,715,1
1,150000,16.37,715,0
0,90000,13.81,690,1
1,46000,27.23,685,1
1,67473,17.09,690,1
1,57000,28.53,695,0
1,80000,18.54,665,0
0,45760,10.25,710,1
1,42000,17.03,675,1
1,45614,3.05,700,1
1,38000,9.57,660,1
0,84400,17.36,675,0
0,21514,15.51,700,1
1,38900,10.06,695,1
1,55000,32.75,680,0
0,26000,17.5,670,0
1,97250,17.44,685,1
1,300000,16.29,710,0
0,40000,13.89,675,1
0,15000,10.24,720,1
1,50000,30.34,730,1
1,67000,12.17,660,1
0,40000,33.15,685,1
0,55000,5.44,660,1
0,49000,12.76,710,1
1,150000,21.61,690,1
0,21466,34.34,800,1
0,70000,11.55,695,1
1,35000,30.32,660,1
1,47753,28.83,720,1
1,55000,6.24,805,1
1,90000,6.48,790,1
0,85000,22.92,670,1
1,135700,20.61,720,1
0,110000,17.14,720,1
0,38000,29.82,675,0
0,42500,11.27,700,1
1,80000,11.34,665,1
0,26000,27.38,670,1
0,25000,25.68,665,1
1,100000,20.07,715,1
0,45000,24.29,720,1
1,91200,15.51,815,1
1,82319,7.42,720,1
0,76000,17.83,695,1
1,60000,18.42,670,1
1,180000,18.22,800,1
1,70000,5.52,675,1
0,85700,18.12,660,1
0,35000,22.63,695,0
0,33000,11.49,670,1
1,112000,24.87,665,1
1,44000,14.43,740,1
1,114000,8.87,690,1
1,62000,14.35,695,0
0,46000,6.91,705,1
1,90000,24.93,715,1
0,85000,15.16,735,1
1,85000,17.15,685,1
1,34150,15.04,685,0
1,54000,23.2,675,1
1,55000,7.15,705,1
1,200000,5.59,770,1
1,125000,25.94,695,1
1,105000,12.88,660,1
1,75000,9.47,790,1
0,78000,12.31,660,1
0,90000,13.52,695,0
1,125000,17.44,730,1
1,47000,27.04,695,0
1,55000,5.26,755,1
1,35000,19.77,740,1
0,48000,33.78,705,1
1,73242,19.91,725,1
1,83000,19.58,720,1
0,62000,29.37,685,1
0,97000,8.36,660,1
1,80000,26.58,690,1
1,100000,18.54,665,1
0,50000,12.05,705,1
0,53000,13.36,665,1
0,37000,12.03,680,1
1,75000,28.67,720,0
0,29700,25.86,680,1
0,70000,15.79,675,0
0,55000,25.22,690,1
0,70000,4.65,710,1
1,65000,9.22,740,1
1,59400,21.23,710,0
1,120000,22.24,720,1
0,65000,32.15,670,1
0,76800,15.13,680,1
1,75000,9.86,665,1
0,42000,14.29,670,1
0,36500,10.39,670,0
1,64500,16.12,660,1
0,72000,23.08,675,1
0,44195.13,8.85,665,1
0,39000,13.11,680,0
1,65000,20.11,730,1
1,60000,28.13,710,0
1,45000,14.43,670,1
0,45000,22.67,715,0
1,52000,17.17,755,0
1,100000,13.94,710,1
0,60000,11.78,685,1
1,72000,26.99,690,1
0,57000,25.16,690,0
0,72000,22.26,710,1
1,52000,25.62,695,0
0,34000,30.08,715,1
1,98000,21.38,680,0
1,58000,10.49,680,1
1,35000,34.43,660,1
1,124897,24.08,700,1
0,33000,30.36,675,0
0,20400,32.12,665,1
0,27000,29.82,665,0
0,71490,23.62,700,1
0,45000,20.27,695,1
0,60000,11.24,665,1
0,19200,14.25,695,1
1,104000,9.53,690,0
0,43000,8.65,680,1
0,68000,12.97,795,1
0,55000,4.73,685,1
1,90000,26.64,660,1
0,60000,18.2,680,1
0,40000,14.88,665,0
0,110000,24.42,680,0
0,65000,20.14,705,0
0,70000,31.9,710,1
0,31000,21.75,670,1
1,57408,19.21,700,1
1,40000,30.42,725,1
0,75000,21.18,690,1
1,84000,12.69,710,1
1,114000,8.42,675,1
0,106000,25.58,700,1
1,45000,33.41,710,0
1,79000,16.89,690,1
1,96000,23.29,705,1
0,50000,11.55,705,1
1,85000,1.76,790,0
1,80000,2.24,660,1
0,90000,18.33,710,1
1,65000,15.62,715,0
0,65000,17.97,690,1
1,37000,22.09,680,1
1,70000,32.45,735,1
1,27000,0,690,1
0,65000,21.94,665,1
0,71197.44,14.73,720,1
1,66000,22.87,660,1
1,35000,27.81,710,0
0,40000,13.02,685,1
0,53000,12.16,700,1
1,164850,22.23,660,1
0,54000,9.44,665,1
0,120000,3.33,730,1
0,34000,7.48,660,0
1,92000,9.8,680,1
0,47000,20.81,715,1
1,35000,28.09,705,1
1,198000,8.23,700,0
1,87000,26.59,700,0
1,65200,10.16,680,1
0,125000,9.84,665,0
1,60000,6.62,690,0
1,43000,9.49,765,0
1,96000,11.01,680,1
1,69684,3.6,710,1
1,83000,3.12,660,1
0,28000,19.93,705,1
1,44000,32.26,695,1
1,70000,5.47,660,1
1,74000,24.08,695,1
1,50000,28.78,740,1
1,75000,15.04,715,1
1,39700,24.64,675,1
0,25000,27.41,710,0
1,24000,28.7,695,0
1,114000,7.8,720,1
0,80000,14.14,675,1
0,85000,14.15,665,1
1,110000,19.9,705,1
0,20000,21.01,680,1
1,54000,22.51,730,1
1,73000,19.68,680,1
0,135000,19.72,670,0
1,62000,25.78,680,1
0,60000,26.07,665,1
0,119000,11.57,705,1
0,50000,17.52,785,1
0,85000,19.23,665,1
0,15000,22.98,715,1
1,141800,18.69,660,1
1,90000,16.4,685,1
0,41000,25.38,690,0
0,48000,24.3,675,0
1,85000,30.64,700,1
0,50000,6.86,730,1
0,32000,21.41,760,1
1,60000,6.9,795,1
0,27800,26.03,660,0
0,35000,5.59,660,1
1,120000,14.58,735,1
0,125000,17.12,675,1
0,51072,14.38,700,1
1,85000,21.5,720,1
1,140000,11.03,705,0
1,87850,13.59,685,1
0,60000,7.9,715,1
1,38000,26.75,660,0
0,31900,17.68,680,1
1,89000,30.53,685,1
0,55000,16.32,695,0
1,157000,10.16,735,0
0,50000,22.37,710,1
1,205000,9.59,665,0
0,125000,27.63,690,1
0,180000,7.05,755,1
0,34000,15.71,690,0
1,125000,10.92,705,0
1,107000,12.17,670,1
1,85000,12,690,1
1,110000,29.11,735,1
1,117000,13.84,675,1
1,72000,16.05,685,1
1,63000,16.13,695,1
1,72000,10.98,775,1
0,93000,32.66,800,1
1,44969.6,11.88,675,1
1,111000,17.66,820,1
1,45000,14.77,690,1
1,65000,6.22,660,1
0,78000,27.22,750,0
0,120000,7.73,690,1
0,75000,7.44,685,1
1,45000,29.89,675,0
0,68400,18.68,685,0
1,51830,3.5,675,1
1,54000,20.89,685,1
1,40000,10.13,700,1
0,148000,8.44,695,1
0,120000,20.71,670,0
0,38000,15.79,690,0
1,56500,12.7,680,1
0,71000,9.45,670,1
0,40000,13.46,675,1
0,43200,11.92,675,1
1,36000,22.74,705,1
1,75000,19.1,700,1
1,90000,12.21,720,1
1,275000,4.28,725,1
0,52000,22.85,665,1
0,120000,13.27,675,0
1,43000,15.33,705,1
1,55269.12,36.48,695,0
1,85000,17.62,725,1
1,40000,19.16,690,1
0,75000,34.59,685,1
0,21000,29.31,680,1
0,61400,16.97,705,0
0,100000,15.84,685,1
1,102000,5.85,670,1
1,70000,18.12,685,1
0,120000,3.19,665,1
1,75000,13.89,710,1
1,90000,22.82,665,0
0,70000,13.2,660,1
0,50000,9.27,680,1
1,275000,16.27,765,1
1,42000,17.31,685,1
0,50000,13.51,670,1
0,55000,12.74,715,0
1,70000,11.98,695,1
1,45000,5.97,660,1
0,75000,28.74,665,0
0,84000,29.21,715,1
1,135000,21.31,705,1
1,28000,28.93,665,1
1,45000,18.54,705,1
1,75000,22.29,690,1
1,55000,18.94,675,0
1,61000,10.21,760,1
1,55000,26.95,665,1
0,42000,23.46,695,1
0,43000,8.48,680,0
1,100000,13.64,670,1
1,50000,6.79,740,1
1,121000,17.96,690,1
1,19015,14.96,680,1
0,30000,20.44,670,1
0,45000,4.77,715,1
1,125000,10.27,705,1
0,52000,12.79,680,1
1,52000,37.32,680,0
1,60000,31.82,680,1
0,33708,23.96,700,1
1,100000,19.33,660,0
1,161000,19.68,685,1
1,85000,13.53,690,1
0,62000,28.12,685,1
1,89602,20.17,785,1
1,80000,14.15,665,1
1,55100,30.54,660,1
1,63000,9.58,695,1
1,85000,24.06,705,1
0,67000,9.47,660,1
1,49000,22.09,690,1
0,96000,15.1,695,1
1,100000,14.78,745,1
1,80000,6.78,685,1
0,68000,15.32,685,1
0,37392,30.79,660,1
1,35000,12,685,0
1,136000,24.79,705,1
1,100000,19,685,1
1,50000,15.53,720,0
1,120000,20.18,700,1
1,79000,24.05,665,1
1,50000,32.54,670,0
0,60320,12.81,710,1
1,82000,22.08,730,1
1,135000,14.93,695,1
0,66950,7.42,695,1
0,50000,19.42,685,1
0,75000,29.15,680,1
1,25000,15.17,680,1
1,57700,15.9,700,1
1,38000,28.4,690,0
1,42000,20.43,710,1
1,82526.22,21.94,670,0
1,50000,22.11,690,1
0,26000,29.27,660,0
0,32240,24.13,670,1
1,380000,12.26,715,1
0,35360,12.49,720,1
1,67000,6.22,725,1
1,157000,15.17,700,1
1,50000,34.59,690,0
1,98000,10.41,705,1
0,35000,34.84,685,1
1,60000,11.74,685,1
0,35100,27.26,705,1
1,130000,12.63,715,1
0,35000,2.5,745,1
0,95000,14.83,670,1
1,53000,14.47,715,1
0,45000,29.41,675,1
1,60000,31.67,675,1
0,80000,32.93,670,0
1,110000,19.6,730,1
0,40000,16.35,670,0
1,70000,29.73,700,0
1,70000,32.95,700,1
1,120000,15,680,1
0,46500,16.59,785,0
0,150000,6,690,1
1,42000,26.09,775,1
1,85000,16.87,720,1
1,80000,18.6,675,1
0,43000,23.94,695,0
1,100000,22.55,725,1
0,106000,20.29,680,0
0,35000,11.15,675,1
1,37380,17.28,660,0
1,106700,19.65,690,0
0,64000,23.36,675,1
0,60000,7.42,720,1
1,112000,29.19,670,1
1,82000,4.77,685,1
1,36000,13.43,685,1
1,50000,36.97,710,1
1,75000,14.98,695,1
0,250000,9.99,665,1
0,40000,25.18,755,1
0,50000,29.98,660,0
1,63440,17.35,705,1
1,45000,25.63,675,0
1,110000,13.86,720,1
1,110000,7.76,740,1
1,50000,4.76,695,1
1,76000,17.76,740,1
0,55000,24.5,695,1
1,80000,23.9,690,1
1,49000,6.37,725,1
1,47300,33.49,680,1
1,42000,16.51,680,1
0,35000,18.31,665,1
0,44000,15.3,690,0
1,70000,31.02,660,1
0,24000,5.9,675,1
0,95000,16.66,670,1
1,48000,25.23,670,0
1,45000,21.23,730,1
0,128000,9.66,670,1
0,60000,4.22,730,1
0,26136,34.25,705,1
1,194000,2.96,790,1
1,69204,16.47,695,1
1,49500,27.18,735,1
0,51000,17.51,720,1
0,54426.97,24.59,665,0
0,55000,22.61,665,1
0,60000,16.6,675,1
1,68000,38.19,665,0
0,37000,5.38,670,1
0,60000,25.56,690,0
1,67000,18.35,700,1
0,99000,6.69,720,0
1,150000,17.63,680,1
1,130000,22.15,665,0
0,44000,2.75,755,1
0,48000,18,665,1
0,50000,18.36,675,1
0,40004,33.06,695,1
0,90000,14.76,675,1
1,98005,19.86,700,1
0,23000,32.46,670,0
0,65000,33,670,0
0,80000,14.35,700,1
0,60000,9.72,685,1
1,110000,27,690,0
0,55000,6.13,680,1
1,82000,11.78,665,1
0,26000,35.6,670,0
1,86400,26.71,740,1
0,18000,28.73,695,0
1,70000,19.16,665,1
1,80000,20.76,710,1
1,55000,17.64,715,1
0,150000,4.34,705,0
0,104000,9.52,665,1
0,55000,26.71,715,1
1,75000,19.3,785,1
1,60000,22.58,675,0
1,105000,20.94,660,1
1,93000,25.69,715,1
0,110000,2.62,660,1
0,40000,6.66,660,1
1,27000,19.38,690,1
1,50000,5.16,745,0
1,48000,17.18,665,1
1,46000,20.85,710,1
1,89000,17.87,660,1
1,70000,25.08,715,1
0,62000,15.39,670,0
1,40000,15.51,685,1
1,30000,15.76,710,1
1,45000,22.29,675,1
0,35360,34.89,670,1
1,75000,14.85,695,1
0,101000,18.98,730,1
1,120000,28.79,720,0
1,45500,19.76,670,1
1,85000,18.11,755,1
1,50000,28.66,685,0
1,40000,17.01,675,0
1,110000,22.9,725,1
1,145000,19.44,785,1
1,120000,10.93,710,1
0,78000,18.58,690,1
1,72000,18.79,685,1
1,63000,29.9,665,1
0,45000,18.06,685,1
1,63440,26.69,745,1
0,68000,20.27,670,1
0,75000,3.87,705,0
1,105000,7.02,685,1
1,95000,15.37,690,1
0,98000,15.44,670,1
1,180000,11.75,720,1
1,168500,12.86,665,1
1,112000,12.26,675,1
1,54000,14.36,690,1
0,27000,24.58,675,0
1,65000,20.03,665,1
0,62000,20.94,665,0
1,60000,11.4,720,1
0,160000,23.74,705,1
0,120000,1.13,765,0
1,75000,21.98,735,1
1,62500,9.64,765,1
1,71000,5.28,700,1
1,45000,6.96,695,1
1,84000,20.98,710,1
1,585000,9.78,680,1
1,50000,19.6,720,1
1,72000,25.78,780,1
0,75000,29.73,675,0
1,56000,19.03,670,1
0,48000,25.1,665,0
0,76000,11.56,735,1
1,43000,28.47,685,1
1,29635,12.72,705,1
1,50000,18.34,660,1
1,120000,16.11,690,1
1,68000,22.08,660,0
0,117000,7.07,660,1
0,45000,17.97,680,0
1,123023,10.11,755,1
0,40000,15.57,705,1
0,50000,15,755,1
1,100000,21.54,725,0
1,69735,25.06,715,1
0,72500,18.9,695,1
1,88000,16.38,705,1
1,75000,30.43,725,1
0,105000,8.9,755,1
1,57000,8.42,695,1
1,73210,27.72,740,0
1,111000,19.23,705,1
1,100000,14.87,685,1
1,38000,5.59,740,1
1,100000,20.6,705,1
1,70000,20.51,680,1
0,58000,22.68,725,1
1,100000,13.32,780,1
1,41000,1.87,730,1
1,39000,30.1,710,1
1,36000,24.53,685,1
0,70000,23.49,665,0
0,50820,27.67,670,0
1,66000,20.36,750,1
1,40000,25.56,775,1
0,92000,9.2,660,1
1,100000,30.04,755,1
1,60000,20.38,675,1
1,65000,23.25,680,0
1,36000,34.21,680,1
1,62000,15.27,695,1
1,84000,13.63,725,1
1,68000,12.9,665,1
0,76200,29.75,715,1
1,90000,16.71,670,1
1,60000,29.44,715,1
1,42000,9.23,680,1
0,68000,18.74,665,0
0,83000,9.57,660,0
1,110000,21.04,685,1
1,189000,24.74,735,1
1,82048,10.12,695,1
1,230000,28.59,665,0
0,32000,25.13,680,1
0,38000,20.56,665,0
1,85000,21.49,705,1
0,28000,27.64,670,1
0,39996,0,685,1
1,130000,19.29,800,1
1,100000,9.55,780,1
1,210000,7.94,680,1
0,89000,6.97,720,1
1,80000,11.93,665,1
0,74500,11.17,745,1
1,48000,18.03,695,0
0,70000,25.42,715,1
1,100000,18.78,680,1
1,51120,6.17,660,0
1,104255,9.6,690,1
0,80000,10.67,755,1
1,88000,16.41,685,1
1,98000,4.32,685,1
0,70000,13.49,705,1
1,43000,9.63,685,1
1,100796,22.52,675,1
1,65000,22.52,720,1
0,50000,23.72,675,1
1,175000,12.81,710,1
1,110000,15.94,710,1
1,95000,16.72,695,1
0,56000,26.16,665,1
0,91000,14.18,670,1
1,75000,29.76,670,0
0,40000,6.78,680,1
0,54000,13.93,730,0
0,36000,22.1,665,0
0,80000,9.27,680,0
0,80000,2.87,785,1
1,65000,14.19,790,1
0,60000,17.68,665,1
1,110000,21.15,680,0
1,250000,9.13,670,0
0,40000,25.86,660,0
0,40600,20.96,670,1
1,80000,12.39,710,1
0,52000,20.03,660,0
1,55000,18.96,720,1
1,62000,4.68,680,0
0,49639.62,21.39,675,1
0,70000,5.45,670,1
0,50000,26.56,660,1
0,46000,14.24,670,1
0,24000,25.15,720,1
0,31000,26.75,660,0
0,22296,23.57,715,1
1,150000,8.59,735,1
1,33862.4,24.14,670,1
0,24000,10.47,660,1
1,140000,15.64,690,1
1,60000,25.98,710,1
0,60000,4.85,685,1
1,100000,9.65,680,1
1,50000,18.36,685,1
1,77128.87,29,705,0
0,90000,18.31,775,1
1,230000,9.8,715,1
1,218000,8,675,1
0,110000,8.36,670,1
0,101000,11.02,665,0
1,45000,28.53,705,0
1,82000,16.07,690,0
1,70000,11.79,735,1
1,75000,35.25,675,0
1,100000,22.1,680,1
0,82000,10.97,700,0
0,24000,12.25,665,1
1,55000,13.83,675,1
1,65000,16.06,680,1
1,50000,9.19,705,1
1,140000,14.44,660,1
0,43000,18.62,680,1
1,82140,14.43,770,1
0,9360,24.36,665,0
0,65000,8.81,705,1
0,86000,18.56,730,0
1,45000,6.72,690,0
0,42000,10.8,665,1
0,155000,11.7,720,1
1,38000,37.27,705,0
0,49000,23.31,660,0
0,65000,14.37,670,1
0,36000,9.53,750,1
0,52000,21.76,675,1
0,82000,3.51,730,1
0,57000,24.17,665,1
1,50000,9.49,715,1
0,33000,20.29,695,1
0,385000,7.57,690,1
0,60000,20.32,670,1
1,110000,29.58,670,1
1,64000,4.82,715,1
1,66420,7.1,665,1
1,60000,6.8,695,1
1,38579,27.15,705,1
1,76000,14.18,680,1
0,58000,27.48,780,1
1,110000,27.09,670,0
1,66200,33.09,700,1
1,180000,7.59,670,1
1,70000,29.44,780,1
1,55000,25.57,730,1
1,73000,20.66,735,0
0,98000,25.84,695,1
1,65000,8.1,680,1
1,129000,7.86,675,1
1,65000,11.13,665,1
0,120000,33,660,0
0,58000,12.06,700,1
1,225000,18.82,705,1
1,97000,25.43,670,0
0,72000,17.32,660,0
0,63000,23.22,690,1
0,48000,23.45,700,1
1,65500,5.19,720,1
0,91000,19.52,700,1
0,41600,22.52,665,0
1,70500,14.6,670,1
1,55000,28.78,660,0
1,111000,16.22,690,0
1,76000,15.65,705,1
1,115000,23.54,685,1
1,147000,18.02,660,1
1,62000,21.52,675,1
0,42000,17.37,675,0
1,45000,28.11,725,1
0,36589,29.22,670,0
1,145000,14.03,730,1
1,125000,19.12,695,1
0,65000,10.16,690,1
1,50000,13.34,725,1
1,40000,21.84,725,1
1,120000,21.5,665,1
1,80000,18.71,690,1
1,150000,19.78,675,1
1,169000,20.07,670,1
0,40000,8.34,665,1
1,43000,11.53,675,1
1,109000,17.38,660,1
1,54000,16,670,1
0,110000,12.38,675,1
0,115000,12.05,695,1
1,137200,25.26,665,0
1,51000,14.66,705,1
0,40000,30.99,700,1
0,150000,9.9,685,1
1,52300,24.55,740,1
0,38244,19.71,740,1
1,137000,10.2,720,1
1,89000,18.52,665,1
1,25000,28.47,765,1
0,60000,31.63,665,1
1,32800,35.38,665,0
1,40000,28.74,710,1
1,300000,13.09,720,1
1,40000,14.4,685,1
1,90000,9.04,790,1
0,65000,14.36,680,1
0,50000,16.49,740,1
1,35000,10.29,685,1
0,9828,8.18,680,1
0,35000,26.78,720,1
0,140000,13.47,710,1
1,70000,5.6,665,1
1,93000,15.37,700,1
1,35000,16.05,700,1
0,75000,11.44,665,1
0,32000,16.8,680,1
0,58000,15.46,670,1
0,70000,19.74,685,1
1,42000,31.44,690,1
1,70000,26.04,660,0
1,180000,9.12,675,1
1,125000,16.71,695,1
0,68000,26.72,710,1
1,70000,17.04,720,1
1,130000,15.1,745,1
0,113000,10.09,690,1
1,62000,0.97,660,1
1,100000,20.68,675,0
1,75000,24.02,700,1
1,50000,15.75,705,0
1,86000,14.9,690,0
0,133000,23.12,715,1
1,50000,21.03,675,1
0,48000,5,690,1
1,80000,13.9,785,1
0,40000,23.88,685,1
0,76000,36.43,680,1
0,47000,19.88,770,0
1,35000,10.39,720,1
1,50000,17.4,760,0
0,250000,10.43,675,1
0,25000,25.54,660,1
1,98000,29.34,700,1
1,100000,6.43,765,1
0,62000,11.54,685,1
1,65000,22.54,680,1
1,93696,14.96,680,1
0,48000,14.23,695,1
1,69000,22.78,685,1
0,55000,25.88,670,0
0,32567,22.19,660,0
1,110000,23.26,680,0
1,43000,25.96,765,1
0,80000,19.53,665,1
1,140000,14.26,700,1
1,65000,17.63,745,1
1,140000,18.71,720,1
1,49000,11.38,720,1
1,100000,17.14,700,0
0,42000,17.51,685,1
1,100000,11.27,745,1
1,53000,27.74,685,1
0,83000,8.15,675,1
1,65000,23.35,700,1
1,54000,17.59,680,1
1,55000,20.34,700,1
0,25000,3.6,700,1
0,95000,18.88,680,1
1,70000,16.58,665,1
1,624000,8.86,690,1
1,68567,18.81,700,0
0,83000,21.36,715,1
0,42000,30.2,750,1
1,68000,3.6,680,1
1,35000,21.47,695,0
1,50000,21.56,660,1
1,43000,13,690,1
0,50000,13.71,700,1
1,36000,29.9,680,1
0,90000,21.81,665,0
0,80000,7.03,705,1
1,50000,1.94,755,1
1,60000,34.58,690,0
1,36000,13.9,700,1
0,57000,24.55,740,1
1,130000,13.3,710,1
1,57000,19.05,715,1
1,85000,13.73,710,1
0,74400,29.7,690,0
1,39000,9.63,690,1
1,107000,8.4,665,1
1,73226.34,28.14,715,1
0,50000,21.65,690,1
0,70000,6.1,670,1
0,240000,4.99,710,1
1,64000,33.19,670,0
1,76340,16.59,700,1
1,78000,7.74,660,1
1,54000,13.82,685,1
1,42750,15.67,685,1
1,168000,7.23,660,1
1,125000,19.59,680,1
1,98000,14.13,695,1
1,133350,21.08,675,1
0,60000,24.13,685,1
0,50000,28.02,705,1
0,45000,34.88,690,1
1,90000,5.67,730,1
1,66000,24.29,715,1
1,50000,11.83,700,0
1,71000,14.23,710,1
0,60000,13.16,675,1
0,85000,12.48,705,1
1,65000,27.84,675,0
1,57500,12.42,750,1
0,312418,3.53,805,1
0,51900,26.33,675,1
1,180000,8.58,660,1
0,36100,12.17,705,1
1,90000,1.49,770,1
0,70000,6.15,700,1
1,106000,15.88,685,1
1,78000,5.89,680,0
0,41200,32.36,660,0
1,89900,13.13,675,1
0,70000,6.12,730,1
0,120000,8.25,670,1
1,35000,27.3,700,1
1,99000,19.53,680,1
0,62000,17.23,665,1
1,102000,9.07,710,0
0,62000,13.84,700,1
0,100000,18.13,740,1
0,72000,18.37,670,0
1,95000,17.78,680,1
1,100000,14.68,690,1
1,39600,18.43,685,1
1,84000,2.99,695,1
1,80000,25.46,685,0
1,88000,19,700,1
1,55000,10.52,680,1
0,52000,20.44,685,1
1,68000,28.42,670,1
0,38000,12.52,685,0
1,24000,22.05,660,1
0,35000,25.24,755,1
1,95000,37.28,685,0
1,71000,13.51,715,1
0,30000,14.73,680,1
1,114000,8.94,700,1
1,146000,12.2,685,1
0,42000,29.54,675,0
1,62832,29.51,680,0
0,33000,11.75,675,1
1,90000,23.44,670,0
1,225000,5,735,1
0,55000,16.63,660,1
1,60000,16.3,705,1
1,91000,23.55,670,1
1,93000,24.21,715,1
0,60000,23.54,670,1
1,60000,15.72,720,1
1,57000,11.68,715,1
1,30000,13.36,695,1
1,52000,30.65,710,1
1,20448,22.89,725,1
0,41000,23.98,695,1
1,95000,13.58,715,1
1,55000,9.99,725,1
1,60000,26.12,660,0
1,113316,21.71,690,1
0,105000,12.22,695,0
1,152000,17.18,690,1
1,93000,29.1,730,1
0,24000,15.65,735,1
1,90850,26.88,755,0
1,115000,12.92,810,1
1,62000,11.01,675,1
1,54000,15.4,705,1
1,55000,27.73,700,1
1,215000,15.51,710,0
0,110000,10.45,705,1
0,23000,12.37,660,1
1,26000,20.73,660,0
0,29000,34.19,680,0
0,47000,16.57,695,1
1,75000,9.74,715,1
1,64000,5.33,680,1
0,25000,10.85,730,1
0,72000,13.71,695,1
0,70000,16.66,750,0
1,34000,31.38,715,1
1,60000,18.82,700,0
0,72000,13.85,680,1
1,53000,8.45,660,1
0,48000,24.23,660,1
0,30000,22.36,660,0
0,72000,13.33,770,1
0,30950,22.76,715,1
1,113000,24.28,675,1
1,66713,11.48,695,0
1,100000,23.34,680,1
1,32000,12.79,695,1
1,350000,11.86,705,1
1,92500,32.39,715,1
1,21000,33.43,660,1
1,140000,3.08,675,1
0,35000,32.06,670,0
1,55000,12.85,750,1
0,95500,17.09,685,0
1,55000,29.63,715,1
0,31000,13.39,690,1
1,65000,33.75,700,0
1,88000,18.45,665,0
0,50000,9.12,685,1
0,57000,21.73,685,1
1,124000,16.36,700,1
1,85000,14.74,710,1
1,100000,8.07,810,1
1,68000,15.3,660,0
0,46000,17.77,735,1
1,100000,17.39,690,1
1,56000,26.38,660,1
0,33000,8.07,715,1
1,135000,28.1,715,1
1,76000,18.3,750,1
1,85000,15.54,690,1
0,26000,14.27,660,1
1,37000,19.36,695,0
0,48000,10.5,705,1
1,110000,30.9,665,0
0,80000,14.03,745,1
1,41000,30.83,660,1
0,22150,20.22,665,0
1,68500,22.7,745,1
1,85000,9.6,670,1
0,35000,9.98,690,1
1,90000,13.17,725,1
1,26976,21.31,680,1
1,62000,24.02,705,1
1,56520,20.4,685,0
0,75000,9.38,735,1
0,152004,16.92,730,0
0,45000,32.67,665,0
1,74500,23.61,710,1
1,71000,19.38,740,1
1,75000,34.96,675,1
1,75000,3.04,660,1
0,60000,10.56,665,1
0,37000,18.75,670,1
1,24575,23.25,675,1
1,120000,22.75,705,1
0,50000,20.66,695,0
0,70000,26.3,745,1
0,95000,4.03,665,1
0,58000,16.33,660,1
0,73000,15.35,670,1
1,70000,19.51,675,1
0,62500,22.19,720,0
0,49900,6.66,705,1
1,25000,20.69,700,0
0,51750,24.3,670,0
1,95000,22.39,705,1
0,50000,22.88,710,1
1,53000,23.51,705,1
0,34000,16.38,680,0
1,70000,30.58,675,0
0,62000,24.14,730,1
0,67000,28.55,715,1
0,63000,26.75,705,1
0,35000,13.99,665,1
0,60000,9.76,695,1
1,25576.8,8.96,715,0
0,55000,22.63,700,0
1,34985,2.92,695,1
1,115000,14.77,720,1
1,105000,19.37,740,1
0,52500,16.07,670,1
1,55000,10.39,675,0
0,120000,3.18,680,0
1,80000,22.18,795,1
1,48800,26.49,715,1
0,44562,29.38,690,1
1,62500,18.47,715,1
1,70000,30.86,670,0
1,250000,9.57,695,0
0,100000,14.29,675,1
1,31200,7.73,710,1
1,190000,13.19,685,1
0,72342,24.65,680,1
1,45000,22.64,725,1
1,85000,20.44,690,1
1,60000,13.25,705,0
1,106652,29.58,685,0
0,26000,28.44,670,1
0,23000,31.94,675,0
0,39392,15.84,710,1
1,200000,21.31,670,1
0,78000,22.79,680,0
1,82000,18.7,675,1
1,120000,15.19,740,0
1,120000,27.65,670,1
1,25000,25.68,665,1
1,72000,19.05,680,1
0,42000,20.09,670,1
1,59000,5.19,665,0
1,249000,4.58,695,1
0,65000,2.49,660,1
0,31000,13.36,685,1
1,73000,6.99,695,0
1,40000,31.83,700,0
0,30000,26.2,730,1
1,70000,21.86,670,1
1,50000,13.82,660,1
1,90000,15.11,725,1
1,80000,17.3,680,1
0,40000,15.45,695,1
1,85000,26.23,695,1
1,80000,11.51,725,1
1,65000,15.86,680,0
1,63835,21.64,805,1
1,80000,10.47,720,1
1,95000,17.77,660,1
1,125000,9.85,660,1
1,45000,23.71,690,1
1,75000,17.17,755,0
1,61000,14.42,690,1
1,52600,29.17,725,1
0,49000,20.87,715,1
0,64000,8.55,695,1
1,105000,12.17,675,1
1,74000,22.84,670,1
1,77250,24.93,660,1
0,95000,7.82,670,1
1,60000,7.44,675,1
0,60000,17.12,745,1
1,83000,6.2,685,1
0,18400,11.35,735,1
0,60000,24.9,695,1
1,120000,6.23,720,1
0,40000,33.99,710,1
1,78000,11.69,700,1
0,70000,0.62,680,1
1,31000,29.69,670,1
1,82000,11.39,725,1
1,49214,32.75,670,0
1,35000,18.35,665,0
0,38000,15.26,665,1
1,80000,18.36,670,0
1,85000,14.88,725,1
0,43430,37.94,675,1
1,141430,25.34,660,1
1,58000,14.86,725,1
0,80000,24.56,665,1
1,44000,22.07,685,0
1,40000,37.02,725,1
0,250000,9.94,665,0
0,40700,28.96,680,0
0,48000,15.1,690,1
1,51000,14.38,695,1
0,60000,12.14,710,0
1,50000,13.83,685,0
1,59000,17.43,670,1
1,70000,13.78,730,1
0,36000,22.97,720,1
1,28236,31.53,710,0
1,80000,8.74,685,1
1,80000,15.92,690,1
0,80000,16.35,670,1
0,23000,12.47,685,1
1,52000,8.58,690,1
1,70200,1.5,725,1
1,55500,14.25,670,1
1,87000,16.97,695,1
1,70000,21.34,690,1
1,42000,19.06,680,1
0,50000,17.31,710,1
1,38000,6.57,665,1
1,58000,24.81,695,0
1,100000,11.28,730,0
0,75000,7.7,675,1
0,35000,13.85,675,1
0,100000,24.16,710,1
0,69000,14.12,705,1
0,73000,34.9,725,1
1,40000,26.49,710,1
0,99000,5.05,685,1
1,75000,12.43,690,1
1,322000,11.27,680,1
1,124000,10.99,660,1
1,84017,36.01,665,0
1,130000,16.44,715,1
0,160000,10.37,700,1
0,103000,12.28,695,1
0,41000,5.03,690,1
1,52000,11.17,710,1
1,48000,13.18,700,1
1,60000,31.12,685,1
1,35000,1.61,730,1
0,37000,5.22,710,1
1,80000,16.73,670,0
1,185000,19.83,660,1
1,10272,4.09,670,1
1,490000,2.26,675,1
1,35000,13.31,660,1
1,52536,12.86,665,0
0,80000,3.89,675,1
1,80000,17.06,695,1
1,65000,34.56,680,0
1,135000,21.39,725,1
1,55000,18.92,700,1
0,86000,14.13,765,1
0,26652,23.41,735,0
0,72000,22.78,685,1
0,40000,19.44,660,0
1,100000,6.04,665,1
0,55000,26.64,715,1
0,105000,16.11,730,1
1,75000,13.52,685,1
1,65000,15.75,705,1
1,330000,5.11,715,1
0,67800,20.19,660,1
0,31000,8.52,715,1
0,77500,4.46,720,1
0,43000,25.9,730,1
1,36000,30.77,715,1
1,80000,5.1,660,1
1,65000,31.24,680,0
1,65000,32.71,685,1
0,44000,19.89,695,1
1,54000,3.98,700,1
0,60000,19.12,665,1
0,54000,18.38,675,1
1,80000,18.22,705,1
1,73000,7.66,700,1
0,24000,12.5,670,1
1,30000,17.32,660,1
1,58240,38.33,690,0
1,120000,25.93,680,0
1,485000,8.58,685,1
1,90000,8.95,730,1
0,72000,12.39,670,1
1,110000,7.35,680,0
1,50480,34.02,675,1
0,39850,18.86,660,1
0,70000,16.06,690,1
1,73170,11.53,660,1
1,205000,13.23,710,1
1,83000,21.47,715,1
1,23000,33.66,710,1
1,46000,10.15,675,1
1,48000,26.62,685,1
1,63000,26.38,740,1
0,80000,23.64,680,0
1,77000,11.81,795,1
1,275000,12.8,700,1
1,75200,23.28,685,1
1,94000,23.53,660,1
1,90000,9.31,685,1
1,45000,29.47,665,0
1,48712.44,18.91,770,1
1,65000,19.02,725,0
0,72000,21.49,665,1
0,60000,18.15,670,1
0,27000,26.18,680,1
1,26000,24.01,715,1
1,52000,31.48,700,1
1,48000,14.03,680,1
1,85000,22.14,695,1
1,60000,28.68,665,1
0,200000,8.2,725,0
0,50000,12.53,750,1
0,65000,16.14,665,1
1,102000,14.01,715,1
0,90000,22.07,695,1
0,54184,2.55,660,1
0,92000,6.04,705,1
0,145000,20.2,670,1
1,54000,7.1,720,1
0,60000,27.9,695,1
0,78000,17.02,710,1
1,87996,7.16,675,1
1,75000,11.09,705,1
1,54000,8.84,770,1
1,90500,12.85,690,0
0,55000,29.28,705,1
0,27144,29.22,670,1
1,69600,13.91,695,1
1,121000,27.69,730,1
1,140000,13.46,700,1
1,40000,24.75,675,1
1,55000,17.58,785,1
1,79000,1.61,795,1
1,115000,8.81,690,1
1,40000,29.31,680,1
1,33000,5.16,680,1
1,87000,10.83,785,1
1,105000,13.94,680,1
0,8796,33.97,670,1
1,40000,23.85,705,1
0,73500,24.31,695,1
0,52000,11.26,665,0
1,40000,24.51,710,1
1,126000,22.64,710,1
1,140000,14.98,725,1
0,90000,5.87,670,1
1,62000,26.69,665,1
1,58000,37.76,670,1
1,61000,11.15,685,1
0,56000,25.27,700,1
0,35000,12.55,670,1
1,85000,7.78,670,1
0,125000,19.39,705,1
1,42000,25.29,680,1
1,148000,14.34,730,1
0,70359,0.73,765,1
1,35000,30.41,730,1
0,40000,34.05,710,1
0,25000,33.7,665,1
0,150000,8.83,695,0
1,83196,31.2,695,1
1,63000,37.75,730,1
0,160000,7.84,670,1
1,87000,5.28,680,1
1,30000,51.56,665,1
1,45000,32.93,675,0
0,77000,23.52,680,1
1,30000,28,675,1
1,95000,15.07,665,0
1,40000,6.03,685,1
0,220000,14.78,760,1
0,30000,26.04,670,1
1,65000,27.2,670,1
0,42000,22.11,715,1
1,120000,19.6,715,1
0,105000,19.08,690,1
1,45000,24.21,685,1
1,48000,19.7,695,1
1,475000,11.92,695,1
1,26532,16.87,695,1
1,80000,14.25,720,1
1,65000,6.2,660,1
1,87000,3.45,680,1
1,102000,9.66,720,1
0,185000,10.05,685,0
1,69000,16.35,725,1
1,90000,22.47,710,0
1,20952,13.69,695,0
1,45400,23.42,690,1
1,62000,9.31,660,1
0,87000,31.86,700,1
0,50000,31.35,695,0
0,64000,16.44,675,1
0,55000,19.92,690,0
1,30000,19.44,670,1
1,60000,11.76,690,1
1,70221,10.46,735,1
1,70000,14.11,775,1
1,75000,19.01,680,1
1,35208,12.13,680,0
0,48000,29.45,720,1
1,41000,25.56,665,1
1,56500,27.61,670,0
1,37000,19.72,705,1
0,75190,26.16,670,0
0,50000,3.55,760,1
0,52000,27.3,705,0
1,31000,18.71,710,1
1,42000,29.4,685,0
0,120000,21.36,700,1
1,33800,20.95,685,1
1,106000,29.82,685,1
0,100000,14.4,670,0
0,72000,13.96,680,1
0,150000,20.38,685,1
1,48516,25.97,680,1
0,50000,30.94,715,1
1,90000,14.15,790,1
0,50000,16.22,675,1
1,110000,37.04,685,1
1,160000,2.46,780,1
0,100000,13.9,680,0
0,85000,33.6,685,1
1,50000,26.4,680,0
1,100000,17.8,690,1
1,85000,13.4,680,0
1,48000,16.48,660,1
0,38500,20.6,670,1
0,30000,22.4,660,1
1,80000,18.81,695,1
0,85000,18.42,660,1
0,110000,23.35,675,0
0,68181.44,29.34,700,0
1,42000,6.06,695,0
1,106839,21.54,740,0
0,62000,6.23,720,0
0,18000,15.87,660,1
0,45000,23.04,685,1
1,75000,19.6,700,0
0,80000,4.47,665,1
1,95000,14.6,725,1
0,125000,6.29,670,0
0,15000,38.88,705,1
1,45000,28.76,660,1
1,45000,33.76,700,1
1,44100,12,660,1
1,83000,25.39,675,1
0,37000,9.67,665,0
1,62000,34.96,670,0
1,90000,5.6,685,1
1,35000,4.22,725,1
1,124000,16.42,710,1
0,47000,15.6,730,1
1,75800,15.63,685,1
0,68000,16.34,675,1
1,75000,20.35,730,1
1,65000,25.74,705,1
1,70000,24.83,675,1
0,26583.24,24.6,660,1
0,50000,21.65,685,0
1,105000,9.34,785,1
0,80000,6.74,685,1
1,51000,10.38,715,1
1,40000,13.38,675,1
1,125000,31.61,685,1
0,34000,24.71,690,0
1,58000,24.08,665,1
1,100000,9.73,725,1
1,47600,7.97,725,1
0,55000,2.03,670,1
0,82676,12.46,775,1
0,30000,8.68,665,1
1,80000,20.23,670,1
0,68666,14,700,1
0,52000,10.43,660,1
0,67000,18.86,680,1
0,170000,4.64,665,1
1,50000,7.37,660,1
0,77000,18.97,690,1
0,70000,29.73,710,1
0,62000,15.06,670,1
0,48000,20.08,680,0
1,25000,18.87,680,0
0,26000,12.83,740,1
0,56000,6.56,695,0
0,60000,9.88,665,1
0,75000,27.62,685,0
0,73000,6.48,695,1
0,22000,17.24,670,1
0,27780,12.61,710,0
1,87000,15.88,690,1
1,170000,18.79,725,1
1,80000,10.53,665,1
0,63000,14,685,1
1,160000,7.76,710,1
0,56000,25.95,665,1
1,115000,23.01,685,1
1,71000,27.27,720,1
1,108355,2.88,775,1
0,24000,20.95,680,1
0,42000,11.57,670,0
0,105000,11.15,725,1
0,40000,8.49,675,0
0,22000,30.66,695,1
0,36000,16.73,660,1
1,58000,9.6,665,0
1,140000,13.94,685,1
0,34000,17.44,725,1
0,30600,10.55,735,1
0,27000,9.6,725,1
1,80000,20.48,660,1
1,75000,14.72,700,1
1,104000,9.61,740,1
0,34000,9.81,720,1
0,26000,17.54,675,1
0,65000,7.9,670,1
0,80000,11.04,685,0
0,70000,21.77,680,1
1,97000,4.05,670,1
1,125000,10.77,665,0
0,275000,15.63,710,1
1,65000,33.15,685,1
1,48000,39.53,660,1
1,48100,13.3,685,1
1,120000,0.8,740,1
1,87000,14.3,705,0
1,90000,16.65,660,1
0,27996,0.81,755,1
1,95000,30.43,685,1
0,41080,19.37,685,1
1,45000,27.28,695,1
0,47000,23.2,765,1
0,35000,30.28,660,1
0,33000,13.85,730,1
0,25000,23.67,700,0
1,110000,11.9,665,1
0,95000,19.99,675,0
1,26400,21.23,700,1
0,58000,29.22,680,0
0,150000,3.62,760,1
1,95000,5.42,665,1
0,62000,16.49,665,0
1,70000,22.46,660,1
0,35000,13.37,710,1
1,25738.8,15.16,710,1
0,45000,17.15,700,1
1,200000,5.74,785,1
0,58900,28.05,665,1
1,45058,16.49,665,1
1,89500,10.65,725,1
0,80000,15.59,730,1
1,45000,11.44,705,1
0,45000,9.17,680,1
1,97000,27.97,680,1
1,104000,24.65,670,1
1,145000,16.79,660,1
1,110000,10.93,690,1
0,90000,10.13,670,1
0,70000,20.19,690,1
0,38000,25.36,700,0
0,67300,17.44,690,1
1,106000,14.33,775,1
1,90000,26.88,695,1
0,70000,2.64,675,1
1,36000,18.43,690,1
0,79500,24.98,665,0
1,70084,24.26,680,0
0,55000,29.61,670,1
0,40000,27.54,695,0
1,71522,12.45,690,1
1,60000,24.64,665,0
1,133736,24.29,695,0
0,140000,12.28,675,1
1,46020,30.4,665,0
0,53746,34.3,715,1
0,26797,1.58,810,1
0,85000,10.28,665,1
1,80000,21.62,670,0
1,103000,32.79,770,1
1,53000,20.88,660,1
1,61500,16.79,775,1
0,38000,23.47,665,1
0,79000,19.44,660,0
1,34000,35.83,660,0
0,40000,13.38,665,0
0,67500,7.99,675,1
1,29000,25.33,660,1
0,109876,10.28,680,1
1,62000,28.42,705,1
0,27219.68,11.68,715,1
1,96000,22.69,690,1